key,variable,frequency,idf_start_line,idf_end_line
*,Zone Air Temperature,Timestep,7036,7039
*,Site Outdoor Air Relative Humidity,Timestep,7041,7044
Whole Building,Facility Total Electricity Demand Rate,Timestep,7046,7049
*,Site Outdoor Air Drybulb Temperature,Timestep,7051,7054
*,Zone Air Relative Humidity,Timestep,7056,7059
*,System Node Temperature,Timestep,7061,7064
*,System Node Setpoint Temperature,Timestep,7066,7069
*,System Node Temperature,Timestep,7071,7074
*,System Node Setpoint Temperature,Timestep,7076,7079
*,Site Direct Solar Radiation Rate per Area,Timestep,7081,7084
*,Facility Net Purchased Electricity Rate,Timestep,7086,7089
DXVAV Sys 1 Cooling Coil,Cooling Coil Total Cooling Rate,TimeStep,7091,7094
DXVAV Sys 1 Cooling Coil,Cooling Coil Electricity Rate,TimeStep,7096,7099
DXVAV Sys 1 Heating Coil,Heating Coil Heating Rate,TimeStep,7101,7104
DXVAV Sys 1 Heating Coil,Heating Coil Electricity Rate,TimeStep,7106,7109
Thermal Zone: Space 103 LAB B Reheat Coil,Heating Coil Heating Rate,TimeStep,7111,7114
Thermal Zone: Space 102 - Plus Reheat Coil,Heating Coil Heating Rate,TimeStep,7116,7119
Thermal Zone: Space 105 LAB A Reheat Coil,Heating Coil Heating Rate,TimeStep,7121,7124
DXVAV Sys 1 Supply Fan,Fan Electricity Rate,TimeStep,7126,7129
DXVAV Sys 1 Supply Fan,Fan Air Mass Flow Rate,TimeStep,7131,7134
DXVAV Sys 1 Return Fan,Fan Electricity Rate,TimeStep,7136,7139
DXVAV Sys 1 Mixed Air Outlet,System Node Temperature,TimeStep,7141,7144
DXVAV Sys 1 Cooling Coil Outlet,System Node Temperature,TimeStep,7146,7149
DXVAV Sys 1 Heating Coil Outlet,System Node Temperature,TimeStep,7151,7154
DXVAV Sys 1 Supply Fan Outlet,System Node Temperature,TimeStep,7156,7159
Thermal Zone: Space 103 LAB B Zone Equip Inlet,System Node Temperature,TimeStep,7161,7164
Thermal Zone: Space 102 - Plus Zone Equip Inlet,System Node Temperature,TimeStep,7166,7169
Thermal Zone: Space 105 LAB A Zone Equip Inlet,System Node Temperature,TimeStep,7171,7174
DXVAV Sys 1,Air System Outdoor Air Economizer Status,TimeStep,7176,7179
DXVAV Sys 1,Air System Outdoor Air Flow Fraction,TimeStep,7181,7184
DXVAV Sys 1 Cooling Coil,Cooling Coil Sensible Cooling Rate,TimeStep,7186,7189
DXVAV Sys 1 Cooling Coil,Cooling Coil Latent Cooling Rate,TimeStep,7191,7194
DXVAV Sys 1 Cooling Coil,Cooling Coil Runtime Fraction,TimeStep,7196,7199
DXVAV Sys 1 Mixed Air Outlet,System Node Mass Flow Rate,TimeStep,7201,7204
DXVAV Sys 1 Supply Fan Outlet,System Node Mass Flow Rate,TimeStep,7206,7209
DXVAV Sys 1 Mixed Air Outlet,System Node Humidity Ratio,TimeStep,7211,7214
DXVAV Sys 1 Supply Fan Outlet,System Node Humidity Ratio,TimeStep,7216,7219
DXVAV Sys 1 Supply Fan Outlet,System Node Setpoint Temperature,TimeStep,7221,7224
Thermal Zone: Space 103 LAB B,Zone Thermostat Heating Setpoint Temperature,TimeStep,7226,7229
Thermal Zone: Space 103 LAB B,Zone Thermostat Cooling Setpoint Temperature,TimeStep,7231,7234
Thermal Zone: Space 103 LAB B,Zone Predicted Sensible Load to Heating Setpoint Heat Transfer Rate,TimeStep,7236,7239
Thermal Zone: Space 103 LAB B,Zone Predicted Sensible Load to Cooling Setpoint Heat Transfer Rate,TimeStep,7241,7244
Thermal Zone: Space 103 LAB B VAV Reheat,Zone Air Terminal VAV Damper Position,TimeStep,7246,7249
Thermal Zone: Space 102 - Plus,Zone Thermostat Heating Setpoint Temperature,TimeStep,7251,7254
Thermal Zone: Space 102 - Plus,Zone Thermostat Cooling Setpoint Temperature,TimeStep,7256,7259
Thermal Zone: Space 102 - Plus,Zone Predicted Sensible Load to Heating Setpoint Heat Transfer Rate,TimeStep,7261,7264
Thermal Zone: Space 102 - Plus,Zone Predicted Sensible Load to Cooling Setpoint Heat Transfer Rate,TimeStep,7266,7269
Thermal Zone: Space 102 - Plus VAV Reheat,Zone Air Terminal VAV Damper Position,TimeStep,7271,7274
Thermal Zone: Space 105 LAB A,Zone Thermostat Heating Setpoint Temperature,TimeStep,7276,7279
Thermal Zone: Space 105 LAB A,Zone Thermostat Cooling Setpoint Temperature,TimeStep,7281,7284
Thermal Zone: Space 105 LAB A,Zone Predicted Sensible Load to Heating Setpoint Heat Transfer Rate,TimeStep,7286,7289
Thermal Zone: Space 105 LAB A,Zone Predicted Sensible Load to Cooling Setpoint Heat Transfer Rate,TimeStep,7291,7294
Thermal Zone: Space 105 LAB A VAV Reheat,Zone Air Terminal VAV Damper Position,TimeStep,7296,7299
*,Site Day Type Index,Timestep,7301,7304
*,Zone Windows Total Transmitted Solar Radiation Rate,Timestep,7306,7309
*,Zone Exterior Windows Total Transmitted Beam Solar Radiation Rate,Timestep,7311,7314
*,Zone Exterior Windows Total Transmitted Diffuse Solar Radiation Rate,Timestep,7316,7319
*,Zone Total Internal Convective Heating Rate,Timestep,7321,7324
*,Zone Total Internal Radiant Heating Rate,Timestep,7326,7329
*,Zone Total Internal Visible Radiation Heating Rate,Timestep,7331,7334
*,Zone Total Internal Latent Gain Rate,Timestep,7336,7339
*,Zone Total Internal Total Heating Rate,Timestep,7341,7344
*,Zone People Occupant Count,Timestep,7346,7349
*,Zone People Convective Heating Rate,Timestep,7351,7354
*,Zone People Radiant Heating Rate,Timestep,7356,7359
*,Zone People Sensible Heating Rate,Timestep,7361,7364
*,Zone People Latent Gain Rate,Timestep,7366,7369
*,Zone People Total Heating Rate,Timestep,7371,7374
*,Zone Electric Equipment Radiant Heating Rate,Timestep,7376,7379
*,Zone Electric Equipment Convective Heating Rate,Timestep,7381,7384
*,Zone Electric Equipment Latent Gain Rate,Timestep,7386,7389
*,Zone Electric Equipment Lost Heat Rate,Timestep,7391,7394
*,Zone Electric Equipment Total Heating Rate,Timestep,7396,7399
*,Zone Infiltration Sensible Heat Gain Energy,Timestep,7401,7404
*,Zone Infiltration Sensible Heat Loss Energy,Timestep,7406,7409
*,Zone Infiltration Latent Heat Gain Energy,Timestep,7411,7414
*,Zone Infiltration Latent Heat Loss Energy,Timestep,7416,7419
*,Zone Infiltration Total Heat Gain Energy,Timestep,7421,7424
*,Zone Infiltration Total Heat Loss Energy,Timestep,7426,7429
*,Zone Infiltration Mass Flow Rate,Timestep,7431,7434
*,Zone Infiltration Current Density Volume Flow Rate,Timestep,7436,7439
*,Zone Infiltration Air Change Rate,Timestep,7441,7444
*,HVAC System Solver Iteration Count,Timestep,7446,7449
*,Air System Solver Iteration Count,Timestep,7451,7454
DXVAV Sys 1,Air System Outdoor Air Mass Flow Rate,Timestep,7456,7459
DXVAV Sys 1,Air System Mixed Air Mass Flow Rate,Timestep,7461,7464
DXVAV Sys 1,Air System Outdoor Air Minimum Flow Fraction,Timestep,7466,7469
*,Zone Air Terminal Outdoor Air Volume Flow Rate,Timestep,7471,7474
*,Zone Air Terminal Minimum Air Flow Fraction,Timestep,7476,7479
Min OA Sched,Schedule Value,Timestep,7481,7484
Thermal Zone: Space 103 LAB B Supply Inlet,System Node Mass Flow Rate,Timestep,7486,7489
Thermal Zone: Space 102 - Plus Supply Inlet,System Node Mass Flow Rate,Timestep,7491,7494
Thermal Zone: Space 105 LAB A Supply Inlet,System Node Mass Flow Rate,Timestep,7496,7499
*,Zone Heating Setpoint Not Met Time,Timestep,7501,7504
*,Zone Cooling Setpoint Not Met Time,Timestep,7506,7509
*,Zone Heating Setpoint Not Met While Occupied Time,Timestep,7511,7514
*,Zone Cooling Setpoint Not Met While Occupied Time,Timestep,7516,7519
DXVAV Sys 1,Air System Outdoor Air Mechanical Ventilation Requested Mass Flow Rate,Timestep,7521,7524
Thermal Zone: Space 103 LAB B Supply Inlet,System Node Standard Density Volume Flow Rate,Timestep,7526,7529
Thermal Zone: Space 102 - Plus Supply Inlet,System Node Standard Density Volume Flow Rate,Timestep,7531,7534
Thermal Zone: Space 105 LAB A Supply Inlet,System Node Standard Density Volume Flow Rate,Timestep,7536,7539
DXVAV Sys 1 Supply Fan Outlet,System Node Standard Density Volume Flow Rate,Timestep,7541,7544
*,Site Ground Temperature,Timestep,7546,7549
Surface 1,Surface Inside Face Temperature,Timestep,7551,7554
Surface 1,Surface Outside Face Temperature,Timestep,7556,7559
Surface 1,Surface Inside Face Conduction Heat Transfer Rate,Timestep,7561,7564
Surface 1,Surface Inside Face Convection Heat Gain Rate,Timestep,7566,7569
Surface 9,Surface Inside Face Temperature,Timestep,7571,7574
Surface 9,Surface Outside Face Temperature,Timestep,7576,7579
Surface 9,Surface Inside Face Conduction Heat Transfer Rate,Timestep,7581,7584
Surface 9,Surface Inside Face Convection Heat Gain Rate,Timestep,7586,7589
Surface 15,Surface Inside Face Temperature,Timestep,7591,7594
Surface 15,Surface Outside Face Temperature,Timestep,7596,7599
Surface 15,Surface Inside Face Conduction Heat Transfer Rate,Timestep,7601,7604
Surface 15,Surface Inside Face Convection Heat Gain Rate,Timestep,7606,7609
Surface 23,Surface Inside Face Temperature,Timestep,7611,7614
Surface 23,Surface Outside Face Temperature,Timestep,7616,7619
Surface 23,Surface Inside Face Conduction Heat Transfer Rate,Timestep,7621,7624
Surface 23,Surface Inside Face Convection Heat Gain Rate,Timestep,7626,7629
Surface 33,Surface Inside Face Temperature,Timestep,7631,7634
Surface 33,Surface Outside Face Temperature,Timestep,7636,7639
Surface 33,Surface Inside Face Conduction Heat Transfer Rate,Timestep,7641,7644
Surface 33,Surface Inside Face Convection Heat Gain Rate,Timestep,7646,7649
Surface 40,Surface Inside Face Temperature,Timestep,7651,7654
Surface 40,Surface Outside Face Temperature,Timestep,7656,7659
Surface 40,Surface Inside Face Conduction Heat Transfer Rate,Timestep,7661,7664
Surface 40,Surface Inside Face Convection Heat Gain Rate,Timestep,7666,7669
