name,type,construction,zone,boundary,adjacent_surface,gross_area_m2,subsurface_vertex_polygon_area_m2,gross_minus_subsurface_polygons_m2,relative_azimuth_deg,world_azimuth_deg,tilt_deg,planarity_error_m,additional_frame_opening_area_m2,opaque_net_including_frame_opening_m2
Surface 40,Floor,HIBO Slab Sealed Concrete,MEP,Ground,,6.457300117632002,0.0,6.457300117632002,0.0,333.0,180.0,0.0,0.0,6.457300117632002
Surface 41 Ext,Wall,HIBO CMU Veneer Exterior Wall,MEP,Outdoors,,8.714305152000001,0.0,8.714305152000001,0.0,333.0,90.0,0.0,0.0,8.714305152000001
Surface 42 Ext,Wall,HIBO CMU Veneer Exterior Wall,MEP,Outdoors,,6.884115264,0.0,6.884115264,90.0,63.0,90.0,0.0,0.0,6.884115264
Surface 43,Wall,HIBO Interior Partition SA.8.21,MEP,Surface,Surface 16,6.484632191999999,0.0,6.484632191999999,180.0,153.0,90.0,0.0,0.0,6.484632191999999
Surface 44,Wall,HIBO Interior Partition SA.8.21,MEP,Surface,Surface 26,2.229672960000002,0.0,2.229672960000002,180.0,153.0,90.0,0.0,0.0,2.229672960000002
Surface 45,Wall,HIBO Interior Partition SA.6.20,MEP,Surface,Surface 25,6.884115264,2.2193503999999997,4.664764864,270.0,243.0,90.0,0.0,0.0,4.664764864
Surface 46,Ceiling,HIBO APC-1 Ceiling,MEP,Surface,Surface 61,6.457300117632002,0.0,6.457300117632002,0.0,333.0,0.0,0.0,0.0,6.457300117632002
Surface 47,Floor,HIBO APC-1 Ceiling,Thermal Zone: Plenum,Surface,Surface 22,18.413809881984,0.0,18.413809881984,0.0,333.0,180.0,0.0,0.0,18.413809881984
Surface 48,Wall,HIBO Metal Panel Exterior Wall,Thermal Zone: Plenum,Outdoors,,7.329585340800003,0.0,7.329585340800003,270.0,243.0,90.0,0.0,0.0,7.329585340800003
Surface 49,Wall,HIBO Metal Panel Exterior Wall,Thermal Zone: Plenum,Outdoors,,2.6941881600000013,0.0,2.6941881600000013,0.0,333.0,90.0,0.0,0.0,2.6941881600000013
Surface 50,Wall,HIBO CMU Veneer Exterior Wall,Thermal Zone: Plenum,Outdoors,,2.868381359999999,0.0,2.868381359999999,270.0,243.0,90.0,0.0,0.0,2.868381359999999
Surface 51,Wall,HIBO CMU Veneer Exterior Wall,Thermal Zone: Plenum,Outdoors,,3.296199859200001,0.0,3.296199859200001,0.0,333.0,90.0,0.0,0.0,3.296199859200001
Surface 52,Wall,HIBO CMU Veneer Exterior Wall,Thermal Zone: Plenum,Outdoors,,2.1799698335999977,0.0,2.1799698335999977,90.0,63.0,90.0,0.0,0.0,2.1799698335999977
Surface 53,Wall,HIBO Metal Panel Exterior Wall,Thermal Zone: Plenum,Outdoors,,2.6941881600000066,0.0,2.6941881600000066,0.0,333.0,90.0,0.0,0.0,2.6941881600000066
Surface 54,Wall,HIBO Metal Panel Exterior Wall,Thermal Zone: Plenum,Outdoors,,7.329585340800003,0.0,7.329585340800003,90.0,63.0,90.0,0.0,0.0,7.329585340800003
Surface 55,Wall,HIBO Metal Panel Exterior Wall,Thermal Zone: Plenum,Outdoors,,18.440788924800003,8.670950399999999,9.769838524800004,180.0,153.0,90.0,0.0,0.0,9.769838524800004
Surface 61,Floor,HIBO APC-1 Ceiling,Thermal Zone: Plenum,Surface,Surface 46,6.457300117632002,0.0,6.457300117632002,0.0,333.0,180.0,0.0,0.0,6.457300117632002
Surface 62,Floor,HIBO GYP Ceiling,Thermal Zone: Plenum,Surface,Surface 14,8.441736922944001,0.0,8.441736922944001,0.0,333.0,180.0,0.0,0.0,8.441736922944001
Surface 63,Floor,HIBO APC-1 Ceiling,Thermal Zone: Plenum,Surface,Surface 32,9.949302423935999,0.0,9.949302423935999,0.0,333.0,180.0,0.0,0.0,9.949302423935999
Surface 64,Floor,HIBO APC-1 Ceiling,Thermal Zone: Plenum,Surface,Surface 39,6.106210239167997,0.0,6.106210239167997,0.0,333.0,180.0,0.0,0.0,6.106210239167997
Surface 65,Floor,HIBO APC-1 Ceiling,Thermal Zone: Plenum,Surface,Surface 8,18.413809881984,0.0,18.413809881984,0.0,333.0,180.0,0.0,0.0,18.413809881984
Surface 1,Floor,HIBO Slab Carpet,Thermal Zone: Space 103 LAB B,Ground,,18.413809881984,0.0,18.413809881984,0.0,333.0,180.0,0.0,0.0,18.413809881984
Surface 3 Ext,Wall,HIBO Metal Panel Exterior Wall,Thermal Zone: Space 103 LAB B,Outdoors,,5.5741824,0.0,5.5741824,0.0,333.0,90.0,0.0,0.0,5.5741824
Surface 4,Wall,HIBO Interior Partition SA.8.21,Thermal Zone: Space 103 LAB B,Surface,Surface 35,5.8361689727999995,0.0,5.8361689727999995,0.0,333.0,90.0,0.0,0.0,5.8361689727999995
Surface 5,Wall,HIBO Interior Partition SA.6.20,Thermal Zone: Space 103 LAB B,Surface,Surface 29,5.852891520000002,2.2193503999999997,3.633541120000002,90.0,63.0,90.0,0.0,0.0,3.633541120000002
Surface 6,Wall,HIBO Interior Partition SA.6.20,Thermal Zone: Space 103 LAB B,Surface,Surface 13,8.333402688,1.1148364799999997,7.218566208,90.0,63.0,90.0,0.0,0.0,7.218566208
Surface 69 Ext,Wall,HIBO Metal Panel Exterior Wall,Thermal Zone: Space 103 LAB B,Outdoors,,10.450972646399999,9.03224,1.4187326463999987,180.0,153.0,90.0,0.0,0.6296761599999999,0.7890564863999988
Surface 70 Ext,Wall,HIBO Metal Panel Exterior Wall,Thermal Zone: Space 103 LAB B,Outdoors,,14.186294208000001,2.477414400000002,11.708879807999999,270.0,243.0,90.0,0.0,0.0,11.708879807999999
Surface 8,Ceiling,HIBO APC-1 Ceiling,Thermal Zone: Space 103 LAB B,Surface,Surface 65,18.413809881984,0.0,18.413809881984,0.0,333.0,0.0,0.0,0.0,18.413809881984
Surface 11,Wall,HIBO Interior Partition SA.6.20,Thermal Zone: Space 102 - Plus,Surface,Surface 20,8.333402688,1.1148364799999997,7.218566208,90.0,63.0,90.0,0.0,0.0,7.218566208
Surface 13,Wall,HIBO Interior Partition SA.6.20,Thermal Zone: Space 102 - Plus,Surface,Surface 6,8.333402688,1.1148364799999997,7.218566208,270.0,243.0,90.0,0.0,0.0,7.218566208
Surface 14,Ceiling,HIBO GYP Ceiling,Thermal Zone: Space 102 - Plus,Surface,Surface 62,8.441736922944003,0.0,8.441736922944003,0.0,333.0,0.0,0.0,0.0,8.441736922944003
Surface 68 Ext,Wall,HIBO Metal Panel Exterior Wall,Thermal Zone: Space 102 - Plus,Outdoors,,8.156267558400002,2.8387040000000026,5.317563558399999,180.0,153.0,90.0,0.0,0.38193472,4.935628838399999
Surface 9,Floor,HIBO Slab Carpet,Thermal Zone: Space 102 - Plus,Ground,,8.441736922944001,0.0,8.441736922944001,0.0,333.0,180.0,0.0,0.0,8.441736922944001
Surface 23,Floor,HIBO Slab Sealed Concrete,Thermal Zone: Space 102 - Plus,Ground,,9.949302423935999,0.0,9.949302423935999,0.0,333.0,180.0,0.0,0.0,9.949302423935999
Surface 24 Ext,Wall,HIBO CMU Veneer Exterior Wall,Thermal Zone: Space 102 - Plus,Outdoors,,5.425537535999998,1.99741536,3.4281221759999987,0.0,333.0,90.0,0.0,0.0,3.4281221759999987
Surface 25,Wall,HIBO Interior Partition SA.6.20,Thermal Zone: Space 102 - Plus,Surface,Surface 45,6.884115264,2.2193503999999997,4.664764864,90.0,63.0,90.0,0.0,0.0,4.664764864
Surface 26,Wall,HIBO Interior Partition SA.8.21,Thermal Zone: Space 102 - Plus,Surface,Surface 44,2.229672960000002,0.0,2.229672960000002,0.0,333.0,90.0,0.0,0.0,2.229672960000002
Surface 27,Wall,HIBO Interior Partition SA.6.20,Thermal Zone: Space 102 - Plus,Surface,Surface 21,5.852891520000002,2.2193503999999997,3.633541120000002,90.0,63.0,90.0,0.0,0.0,3.633541120000002
Surface 29,Wall,HIBO Interior Partition SA.6.20,Thermal Zone: Space 102 - Plus,Surface,Surface 5,5.852891520000002,2.2193503999999997,3.633541120000002,270.0,243.0,90.0,0.0,0.0,3.633541120000002
Surface 32,Ceiling,HIBO APC-1 Ceiling,Thermal Zone: Space 102 - Plus,Surface,Surface 63,9.949302423935997,0.0,9.949302423935997,0.0,333.0,0.0,0.0,0.0,9.949302423935997
Surface 33,Floor,HIBO Slab Sealed Concrete,Thermal Zone: Space 102 - Plus,Ground,,6.106210239167997,0.0,6.106210239167997,0.0,333.0,180.0,0.0,0.0,6.106210239167997
Surface 35,Wall,HIBO Interior Partition SA.8.21,Thermal Zone: Space 102 - Plus,Surface,Surface 4,5.8361689727999995,0.0,5.8361689727999995,180.0,153.0,90.0,0.0,0.0,5.8361689727999995
Surface 36 Ext,Wall,HIBO CMU Veneer Exterior Wall,Thermal Zone: Space 102 - Plus,Outdoors,,6.195703737599999,0.0,6.195703737599999,270.0,243.0,90.0,0.0,0.0,6.195703737599999
Surface 37 Ext,Wall,HIBO CMU Veneer Exterior Wall,Thermal Zone: Space 102 - Plus,Outdoors,,7.4164496832,0.0,7.4164496832,0.0,333.0,90.0,0.0,0.0,7.4164496832
Surface 39,Ceiling,HIBO APC-1 Ceiling,Thermal Zone: Space 102 - Plus,Surface,Surface 64,6.106210239167997,0.0,6.106210239167997,0.0,333.0,0.0,0.0,0.0,6.106210239167997
Surface 15,Floor,HIBO Slab Carpet,Thermal Zone: Space 105 LAB A,Ground,,18.413809881984,0.0,18.413809881984,0.0,333.0,180.0,0.0,0.0,18.413809881984
Surface 16,Wall,HIBO Interior Partition SA.8.21,Thermal Zone: Space 105 LAB A,Surface,Surface 43,6.484632191999999,0.0,6.484632191999999,0.0,333.0,90.0,0.0,0.0,6.484632191999999
Surface 17 Ext,Wall,HIBO Metal Panel Exterior Wall,Thermal Zone: Space 105 LAB A,Outdoors,,5.574182400000003,0.0,5.574182400000003,0.0,333.0,90.0,0.0,0.0,5.574182400000003
Surface 20,Wall,HIBO Interior Partition SA.6.20,Thermal Zone: Space 105 LAB A,Surface,Surface 11,8.333402688,1.1148364799999997,7.218566208,270.0,243.0,90.0,0.0,0.0,7.218566208
Surface 21,Wall,HIBO Interior Partition SA.6.20,Thermal Zone: Space 105 LAB A,Surface,Surface 27,5.852891520000002,2.2193503999999997,3.633541120000002,270.0,243.0,90.0,0.0,0.0,3.633541120000002
Surface 22,Ceiling,HIBO APC-1 Ceiling,Thermal Zone: Space 105 LAB A,Surface,Surface 47,18.413809881984,0.0,18.413809881984,0.0,333.0,0.0,0.0,0.0,18.413809881984
Surface 66 Ext,Wall,HIBO Metal Panel Exterior Wall,Thermal Zone: Space 105 LAB A,Outdoors,,10.4509726464,9.032240000000002,1.4187326463999987,180.0,153.0,90.0,0.0,0.6296761599999999,0.7890564863999988
Surface 69 Low CMU,Wall,HIBO CMU Veneer Exterior Wall,Thermal Zone: Space 103 LAB B,Outdoors,,1.6078419456,0.0,1.6078419456,180.0,153.0,90.0,0.0,0.0,1.6078419456
Surface 68 Low CMU,Wall,HIBO CMU Veneer Exterior Wall,Thermal Zone: Space 102 - Plus,Outdoors,,1.2548103936,0.0,1.2548103936,180.0,153.0,90.0,0.0,0.0,1.2548103936
Surface 66 Low CMU,Wall,HIBO CMU Veneer Exterior Wall,Thermal Zone: Space 105 LAB A,Outdoors,,1.6078419456000002,0.0,1.6078419456000002,180.0,153.0,90.0,0.0,0.0,1.6078419456000002
Surface 67 Ext,Wall,HIBO Metal Panel Exterior Wall,Thermal Zone: Space 105 LAB A,Outdoors,,14.186294208000001,2.477414400000002,11.708879807999999,90.0,63.0,90.0,0.0,0.0,11.708879807999999
Surface 56A,Roof,HIBO EPDM Insulated Roof,Thermal Zone: Plenum,Outdoors,,16.60060457490141,0.0,16.60060457490141,0.0,333.0,2.575671559883783,7.267572370702311e-17,0.0,16.60060457490141
Surface 56B,Roof,HIBO EPDM Insulated Roof,Thermal Zone: Plenum,Outdoors,,51.24710643671888,0.0,51.24710643671888,0.0,333.0,2.4998654348966043,5.4101354656558444e-17,0.0,51.24710643671888
Surface 71,Wall,HIBO Interior Partition SA.8.21,Thermal Zone: Space 103 LAB B,Surface,Surface 72,0.6484632191999999,0.0,0.6484632191999999,0.0,333.0,90.0,0.0,0.0,0.6484632191999999
Surface 72,Wall,HIBO Interior Partition SA.8.21,Thermal Zone: Plenum,Surface,Surface 71,0.6484632191999999,0.0,0.6484632191999999,180.0,153.0,90.0,0.0,0.0,0.6484632191999999
Surface 73,Wall,HIBO Interior Partition SA.6.20,Thermal Zone: Space 102 - Plus,Surface,Surface 74,0.17558674560000043,0.0,0.17558674560000043,0.0,333.0,90.0,0.0,0.0,0.17558674560000043
Surface 74,Wall,HIBO Interior Partition SA.6.20,Thermal Zone: Plenum,Surface,Surface 73,0.17558674560000043,0.0,0.17558674560000043,180.0,153.0,90.0,0.0,0.0,0.17558674560000043
Surface 75,Wall,HIBO Interior Partition SA.6.20,Thermal Zone: Space 102 - Plus,Surface,Surface 76,0.6884115264000013,0.0,0.6884115264000013,270.0,243.0,90.0,0.0,0.0,0.6884115264000013
Surface 76,Wall,HIBO Interior Partition SA.6.20,Thermal Zone: Plenum,Surface,Surface 75,0.6884115264000013,0.0,0.6884115264000013,90.0,63.0,90.0,0.0,0.0,0.6884115264000013
Surface 77,Wall,HIBO Metal Panel Exterior Wall,Thermal Zone: Plenum,Outdoors,,3.357051350399999,0.0,3.357051350399999,0.0,333.0,90.0,0.0,0.0,3.357051350399999
Surface 51B,Wall,HIBO CMU Veneer Exterior Wall,Thermal Zone: Plenum,Outdoors,,4.241952806399999,0.0,4.241952806399999,0.0,333.0,90.0,0.0,0.0,4.241952806399999
