Time,THERMAL ZONE: SPACE 103 LAB B:OMAHA EPPLEY AIRFIELD ANN HTG 99.6% CONDNS DB:Des Heat Load [W],THERMAL ZONE: SPACE 103 LAB B:OMAHA EPPLEY AIRFIELD ANN CLG .4% CONDNS DB=>MWB:Des Sens Cool Load [W],THERMAL ZONE: SPACE 103 LAB B:OMAHA EPPLEY AIRFIELD ANN HTG 99.6% CONDNS DB:Des Heat Mass Flow [kg/s],THERMAL ZONE: SPACE 103 LAB B:OMAHA EPPLEY AIRFIELD ANN CLG .4% CONDNS DB=>MWB:Des Cool Mass Flow [kg/s],THERMAL ZONE: SPACE 103 LAB B::Des Latent Heat Load [W],THERMAL ZONE: SPACE 103 LAB B::Des Latent Cool Load [W],THERMAL ZONE: SPACE 103 LAB B::Des Latent Heat Mass Flow [kg/s],THERMAL ZONE: SPACE 103 LAB B::Des Latent Cool Mass Flow [kg/s],THERMAL ZONE: SPACE 103 LAB B::Des Heat Load No DOAS [W],THERMAL ZONE: SPACE 103 LAB B::Des Sens Cool Load No DOAS [W],THERMAL ZONE: SPACE 103 LAB B::Des Latent Heat Load No DOAS [W],THERMAL ZONE: SPACE 103 LAB B::Des Latent Cool Load No DOAS [W],THERMAL ZONE: SPACE 103 LAB B:OMAHA EPPLEY AIRFIELD ANN HTG 99.6% CONDNS DB:Heating Zone Temperature [C],THERMAL ZONE: SPACE 103 LAB B:OMAHA EPPLEY AIRFIELD ANN HTG 99.6% CONDNS DB:Heating Zone Relative Humidity [%],THERMAL ZONE: SPACE 103 LAB B:OMAHA EPPLEY AIRFIELD ANN CLG .4% CONDNS DB=>MWB:Cooling Zone Temperature [C],THERMAL ZONE: SPACE 103 LAB B:OMAHA EPPLEY AIRFIELD ANN CLG .4% CONDNS DB=>MWB:Cooling Zone Relative Humidity [%],THERMAL ZONE: SPACE 102 - PLUS:OMAHA EPPLEY AIRFIELD ANN HTG 99.6% CONDNS DB:Des Heat Load [W],THERMAL ZONE: SPACE 102 - PLUS:OMAHA EPPLEY AIRFIELD ANN CLG .4% CONDNS DB=>MWB:Des Sens Cool Load [W],THERMAL ZONE: SPACE 102 - PLUS:OMAHA EPPLEY AIRFIELD ANN HTG 99.6% CONDNS DB:Des Heat Mass Flow [kg/s],THERMAL ZONE: SPACE 102 - PLUS:OMAHA EPPLEY AIRFIELD ANN CLG .4% CONDNS DB=>MWB:Des Cool Mass Flow [kg/s],THERMAL ZONE: SPACE 102 - PLUS::Des Latent Heat Load [W],THERMAL ZONE: SPACE 102 - PLUS::Des Latent Cool Load [W],THERMAL ZONE: SPACE 102 - PLUS::Des Latent Heat Mass Flow [kg/s],THERMAL ZONE: SPACE 102 - PLUS::Des Latent Cool Mass Flow [kg/s],THERMAL ZONE: SPACE 102 - PLUS::Des Heat Load No DOAS [W],THERMAL ZONE: SPACE 102 - PLUS::Des Sens Cool Load No DOAS [W],THERMAL ZONE: SPACE 102 - PLUS::Des Latent Heat Load No DOAS [W],THERMAL ZONE: SPACE 102 - PLUS::Des Latent Cool Load No DOAS [W],THERMAL ZONE: SPACE 102 - PLUS:OMAHA EPPLEY AIRFIELD ANN HTG 99.6% CONDNS DB:Heating Zone Temperature [C],THERMAL ZONE: SPACE 102 - PLUS:OMAHA EPPLEY AIRFIELD ANN HTG 99.6% CONDNS DB:Heating Zone Relative Humidity [%],THERMAL ZONE: SPACE 102 - PLUS:OMAHA EPPLEY AIRFIELD ANN CLG .4% CONDNS DB=>MWB:Cooling Zone Temperature [C],THERMAL ZONE: SPACE 102 - PLUS:OMAHA EPPLEY AIRFIELD ANN CLG .4% CONDNS DB=>MWB:Cooling Zone Relative Humidity [%],THERMAL ZONE: SPACE 105 LAB A:OMAHA EPPLEY AIRFIELD ANN HTG 99.6% CONDNS DB:Des Heat Load [W],THERMAL ZONE: SPACE 105 LAB A:OMAHA EPPLEY AIRFIELD ANN CLG .4% CONDNS DB=>MWB:Des Sens Cool Load [W],THERMAL ZONE: SPACE 105 LAB A:OMAHA EPPLEY AIRFIELD ANN HTG 99.6% CONDNS DB:Des Heat Mass Flow [kg/s],THERMAL ZONE: SPACE 105 LAB A:OMAHA EPPLEY AIRFIELD ANN CLG .4% CONDNS DB=>MWB:Des Cool Mass Flow [kg/s],THERMAL ZONE: SPACE 105 LAB A::Des Latent Heat Load [W],THERMAL ZONE: SPACE 105 LAB A::Des Latent Cool Load [W],THERMAL ZONE: SPACE 105 LAB A::Des Latent Heat Mass Flow [kg/s],THERMAL ZONE: SPACE 105 LAB A::Des Latent Cool Mass Flow [kg/s],THERMAL ZONE: SPACE 105 LAB A::Des Heat Load No DOAS [W],THERMAL ZONE: SPACE 105 LAB A::Des Sens Cool Load No DOAS [W],THERMAL ZONE: SPACE 105 LAB A::Des Latent Heat Load No DOAS [W],THERMAL ZONE: SPACE 105 LAB A::Des Latent Cool Load No DOAS [W],THERMAL ZONE: SPACE 105 LAB A:OMAHA EPPLEY AIRFIELD ANN HTG 99.6% CONDNS DB:Heating Zone Temperature [C],THERMAL ZONE: SPACE 105 LAB A:OMAHA EPPLEY AIRFIELD ANN HTG 99.6% CONDNS DB:Heating Zone Relative Humidity [%],THERMAL ZONE: SPACE 105 LAB A:OMAHA EPPLEY AIRFIELD ANN CLG .4% CONDNS DB=>MWB:Cooling Zone Temperature [C],THERMAL ZONE: SPACE 105 LAB A:OMAHA EPPLEY AIRFIELD ANN CLG .4% CONDNS DB=>MWB:Cooling Zone Relative Humidity [%]
00:10:00,1.126326E+03,2.476801E+02,5.846483E-02,2.188685E-02,0.000000E+00,0.000000E+00,0.000000E+00,0.000000E+00,0.000000E+00,0.000000E+00,0.000000E+00,0.000000E+00,2.110739E+01,4.661299E+01,2.388755E+01,5.405501E+01,1.176112E+03,3.596467E+02,6.105225E-02,3.177965E-02,0.000000E+00,0.000000E+00,0.000000E+00,0.000000E+00,0.000000E+00,0.000000E+00,0.000000E+00,0.000000E+00,2.110836E+01,4.702463E+01,2.388802E+01,5.199770E+01,1.140859E+03,2.179006E+02,5.921921E-02,1.925531E-02,0.000000E+00,0.000000E+00,0.000000E+00,0.000000E+00,0.000000E+00,0.000000E+00,0.000000E+00,0.000000E+00,2.110739E+01,4.664845E+01,2.388754E+01,5.510238E+01
00:20:00,1.126326E+03,2.412920E+02,5.846483E-02,2.132234E-02,0.000000E+00,0.000000E+00,0.000000E+00,0.000000E+00,0.000000E+00,0.000000E+00,0.000000E+00,0.000000E+00,2.110739E+01,4.661299E+01,2.388755E+01,5.425340E+01,1.176112E+03,3.534274E+02,6.105225E-02,3.123008E-02,0.000000E+00,0.000000E+00,0.000000E+00,0.000000E+00,0.000000E+00,0.000000E+00,0.000000E+00,0.000000E+00,2.110836E+01,4.702463E+01,2.388802E+01,5.210974E+01,1.140859E+03,2.129825E+02,5.921921E-02,1.882071E-02,0.000000E+00,0.000000E+00,0.000000E+00,0.000000E+00,0.000000E+00,0.000000E+00,0.000000E+00,0.000000E+00,2.110739E+01,4.664845E+01,2.388755E+01,5.529094E+01
00:30:00,1.126326E+03,2.350922E+02,5.846483E-02,2.077447E-02,0.000000E+00,0.000000E+00,0.000000E+00,0.000000E+00,0.000000E+00,0.000000E+00,0.000000E+00,0.000000E+00,2.110739E+01,4.661299E+01,2.388756E+01,5.445366E+01,1.176112E+03,3.472811E+02,6.105225E-02,3.068698E-02,0.000000E+00,0.000000E+00,0.000000E+00,0.000000E+00,0.000000E+00,0.000000E+00,0.000000E+00,0.000000E+00,2.110836E+01,4.702463E+01,2.388802E+01,5.222345E+01,1.140859E+03,2.081802E+02,5.921921E-02,1.839633E-02,0.000000E+00,0.000000E+00,0.000000E+00,0.000000E+00,0.000000E+00,0.000000E+00,0.000000E+00,0.000000E+00,2.110739E+01,4.664845E+01,2.388755E+01,5.548108E+01
00:40:00,1.126326E+03,2.290752E+02,5.846483E-02,2.024275E-02,0.000000E+00,0.000000E+00,0.000000E+00,0.000000E+00,0.000000E+00,0.000000E+00,0.000000E+00,0.000000E+00,2.110739E+01,4.661299E+01,2.388756E+01,5.465588E+01,1.176112E+03,3.412095E+02,6.105225E-02,3.015047E-02,0.000000E+00,0.000000E+00,0.000000E+00,0.000000E+00,0.000000E+00,0.000000E+00,0.000000E+00,0.000000E+00,2.110836E+01,4.702463E+01,2.388802E+01,5.233892E+01,1.140859E+03,2.034913E+02,5.921921E-02,1.798198E-02,0.000000E+00,0.000000E+00,0.000000E+00,0.000000E+00,0.000000E+00,0.000000E+00,0.000000E+00,0.000000E+00,2.110739E+01,4.664845E+01,2.388756E+01,5.567293E+01
00:50:00,1.126326E+03,2.232355E+02,5.846483E-02,1.972670E-02,0.000000E+00,0.000000E+00,0.000000E+00,0.000000E+00,0.000000E+00,0.000000E+00,0.000000E+00,0.000000E+00,2.110739E+01,4.661299E+01,2.388757E+01,5.486030E+01,1.176112E+03,3.352143E+02,6.105225E-02,2.962071E-02,0.000000E+00,0.000000E+00,0.000000E+00,0.000000E+00,0.000000E+00,0.000000E+00,0.000000E+00,0.000000E+00,2.110836E+01,4.702463E+01,2.388802E+01,5.245626E+01,1.140859E+03,1.989140E+02,5.921921E-02,1.757748E-02,0.000000E+00,0.000000E+00,0.000000E+00,0.000000E+00,0.000000E+00,0.000000E+00,0.000000E+00,0.000000E+00,2.110739E+01,4.664845E+01,2.388757E+01,5.586675E+01
01:00:00,1.126326E+03,2.175683E+02,5.846483E-02,1.922590E-02,0.000000E+00,0.000000E+00,0.000000E+00,0.000000E+00,0.000000E+00,0.000000E+00,0.000000E+00,0.000000E+00,2.110739E+01,4.661299E+01,2.388757E+01,5.506713E+01,1.176112E+03,3.292972E+02,6.105225E-02,2.909785E-02,0.000000E+00,0.000000E+00,0.000000E+00,0.000000E+00,0.000000E+00,0.000000E+00,0.000000E+00,0.000000E+00,2.110836E+01,4.702463E+01,2.388802E+01,5.257560E+01,1.140859E+03,1.944463E+02,5.921921E-02,1.718268E-02,0.000000E+00,0.000000E+00,0.000000E+00,0.000000E+00,0.000000E+00,0.000000E+00,0.000000E+00,0.000000E+00,2.110739E+01,4.664845E+01,2.388757E+01,5.606284E+01
01:10:00,1.126326E+03,2.120978E+02,5.846483E-02,1.874247E-02,0.000000E+00,0.000000E+00,0.000000E+00,0.000000E+00,0.000000E+00,0.000000E+00,0.000000E+00,0.000000E+00,2.110739E+01,4.661299E+01,2.388758E+01,5.527657E+01,1.176112E+03,3.234787E+02,6.105225E-02,2.858371E-02,0.000000E+00,0.000000E+00,0.000000E+00,0.000000E+00,0.000000E+00,0.000000E+00,0.000000E+00,0.000000E+00,2.110836E+01,4.702463E+01,2.388802E+01,5.269704E+01,1.140859E+03,1.901152E+02,5.921921E-02,1.679994E-02,0.000000E+00,0.000000E+00,0.000000E+00,0.000000E+00,0.000000E+00,0.000000E+00,0.000000E+00,0.000000E+00,2.110739E+01,4.664845E+01,2.388758E+01,5.626142E+01
01:20:00,1.126326E+03,2.068206E+02,5.846483E-02,1.827613E-02,0.000000E+00,0.000000E+00,0.000000E+00,0.000000E+00,0.000000E+00,0.000000E+00,0.000000E+00,0.000000E+00,2.110739E+01,4.661299E+01,2.388758E+01,5.548713E+01,1.176112E+03,3.177612E+02,6.105225E-02,2.807848E-02,0.000000E+00,0.000000E+00,0.000000E+00,0.000000E+00,0.000000E+00,0.000000E+00,0.000000E+00,0.000000E+00,2.110836E+01,4.702463E+01,2.388802E+01,5.281999E+01,1.140859E+03,1.859198E+02,5.921921E-02,1.642919E-02,0.000000E+00,0.000000E+00,0.000000E+00,0.000000E+00,0.000000E+00,0.000000E+00,0.000000E+00,0.000000E+00,2.110739E+01,4.664845E+01,2.388758E+01,5.646091E+01
01:30:00,1.126326E+03,2.017337E+02,5.846483E-02,1.782662E-02,0.000000E+00,0.000000E+00,0.000000E+00,0.000000E+00,0.000000E+00,0.000000E+00,0.000000E+00,0.000000E+00,2.110739E+01,4.661299E+01,2.388759E+01,5.569801E+01,1.176112E+03,3.121472E+02,6.105225E-02,2.758242E-02,0.000000E+00,0.000000E+00,0.000000E+00,0.000000E+00,0.000000E+00,0.000000E+00,0.000000E+00,0.000000E+00,2.110836E+01,4.702463E+01,2.388803E+01,5.294420E+01,1.140859E+03,1.818600E+02,5.921921E-02,1.607044E-02,0.000000E+00,0.000000E+00,0.000000E+00,0.000000E+00,0.000000E+00,0.000000E+00,0.000000E+00,0.000000E+00,2.110739E+01,4.664845E+01,2.388759E+01,5.666049E+01
01:40:00,1.126326E+03,1.968345E+02,5.846483E-02,1.739367E-02,0.000000E+00,0.000000E+00,0.000000E+00,0.000000E+00,0.000000E+00,0.000000E+00,0.000000E+00,0.000000E+00,2.110739E+01,4.661299E+01,2.388759E+01,5.590919E+01,1.176112E+03,3.066394E+02,6.105225E-02,2.709572E-02,0.000000E+00,0.000000E+00,0.000000E+00,0.000000E+00,0.000000E+00,0.000000E+00,0.000000E+00,0.000000E+00,2.110836E+01,4.702463E+01,2.388803E+01,5.306966E+01,1.140859E+03,1.779356E+02,5.921921E-02,1.572364E-02,0.000000E+00,0.000000E+00,0.000000E+00,0.000000E+00,0.000000E+00,0.000000E+00,0.000000E+00,0.000000E+00,2.110739E+01,4.664845E+01,2.388759E+01,5.686013E+01
01:50:00,1.126326E+03,1.921200E+02,5.846483E-02,1.697707E-02,0.000000E+00,0.000000E+00,0.000000E+00,0.000000E+00,0.000000E+00,0.000000E+00,0.000000E+00,0.000000E+00,2.110739E+01,4.661299E+01,2.388760E+01,5.612096E+01,1.176112E+03,3.012400E+02,6.105225E-02,2.661861E-02,0.000000E+00,0.000000E+00,0.000000E+00,0.000000E+00,0.000000E+00,0.000000E+00,0.000000E+00,0.000000E+00,2.110836E+01,4.702463E+01,2.388803E+01,5.319654E+01,1.140859E+03,1.741463E+02,5.921921E-02,1.538878E-02,0.000000E+00,0.000000E+00,0.000000E+00,0.000000E+00,0.000000E+00,0.000000E+00,0.000000E+00,0.000000E+00,2.110739E+01,4.664845E+01,2.388760E+01,5.706016E+01
02:00:00,1.126326E+03,1.875878E+02,5.846483E-02,1.657656E-02,0.000000E+00,0.000000E+00,0.000000E+00,0.000000E+00,0.000000E+00,0.000000E+00,0.000000E+00,0.000000E+00,2.110739E+01,4.661299E+01,2.388760E+01,5.633364E+01,1.176112E+03,2.959514E+02,6.105225E-02,2.615129E-02,0.000000E+00,0.000000E+00,0.000000E+00,0.000000E+00,0.000000E+00,0.000000E+00,0.000000E+00,0.000000E+00,2.110836E+01,4.702463E+01,2.388803E+01,5.332494E+01,1.140859E+03,1.704918E+02,5.921921E-02,1.506584E-02,0.000000E+00,0.000000E+00,0.000000E+00,0.000000E+00,0.000000E+00,0.000000E+00,0.000000E+00,0.000000E+00,2.110739E+01,4.664845E+01,2.388760E+01,5.726093E+01
02:10:00,1.126326E+03,1.832047E+02,5.846483E-02,1.618923E-02,0.000000E+00,0.000000E+00,0.000000E+00,0.000000E+00,0.000000E+00,0.000000E+00,0.000000E+00,0.000000E+00,2.110739E+01,4.661299E+01,2.388761E+01,5.654747E+01,1.176112E+03,2.907566E+02,6.105225E-02,2.569226E-02,0.000000E+00,0.000000E+00,0.000000E+00,0.000000E+00,0.000000E+00,0.000000E+00,0.000000E+00,0.000000E+00,2.110836E+01,4.702463E+01,2.388803E+01,5.345496E+01,1.140859E+03,1.669417E+02,5.921921E-02,1.475212E-02,0.000000E+00,0.000000E+00,0.000000E+00,0.000000E+00,0.000000E+00,0.000000E+00,0.000000E+00,0.000000E+00,2.110739E+01,4.664845E+01,2.388761E+01,5.746273E+01
02:20:00,1.126326E+03,1.789674E+02,5.846483E-02,1.581478E-02,0.000000E+00,0.000000E+00,0.000000E+00,0.000000E+00,0.000000E+00,0.000000E+00,0.000000E+00,0.000000E+00,2.110739E+01,4.661299E+01,2.388761E+01,5.676173E+01,1.176112E+03,2.856570E+02,6.105225E-02,2.524164E-02,0.000000E+00,0.000000E+00,0.000000E+00,0.000000E+00,0.000000E+00,0.000000E+00,0.000000E+00,0.000000E+00,2.110836E+01,4.702463E+01,2.388803E+01,5.358634E+01,1.140859E+03,1.634951E+02,5.921921E-02,1.444754E-02,0.000000E+00,0.000000E+00,0.000000E+00,0.000000E+00,0.000000E+00,0.000000E+00,0.000000E+00,0.000000E+00,2.110739E+01,4.664845E+01,2.388761E+01,5.766482E+01
02:30:00,1.126326E+03,1.748722E+02,5.846483E-02,1.545290E-02,0.000000E+00,0.000000E+00,0.000000E+00,0.000000E+00,0.000000E+00,0.000000E+00,0.000000E+00,0.000000E+00,2.110739E+01,4.661299E+01,2.388762E+01,5.697604E+01,1.176112E+03,2.806534E+02,6.105225E-02,2.479951E-02,0.000000E+00,0.000000E+00,0.000000E+00,0.000000E+00,0.000000E+00,0.000000E+00,0.000000E+00,0.000000E+00,2.110836E+01,4.702463E+01,2.388803E+01,5.371891E+01,1.140859E+03,1.601500E+02,5.921921E-02,1.415195E-02,0.000000E+00,0.000000E+00,0.000000E+00,0.000000E+00,0.000000E+00,0.000000E+00,0.000000E+00,0.000000E+00,2.110739E+01,4.664845E+01,2.388762E+01,5.786680E+01
02:40:00,1.126326E+03,1.709157E+02,5.846483E-02,1.510327E-02,0.000000E+00,0.000000E+00,0.000000E+00,0.000000E+00,0.000000E+00,0.000000E+00,0.000000E+00,0.000000E+00,2.110739E+01,4.661299E+01,2.388762E+01,5.719040E+01,1.176112E+03,2.757469E+02,6.105225E-02,2.436595E-02,0.000000E+00,0.000000E+00,0.000000E+00,0.000000E+00,0.000000E+00,0.000000E+00,0.000000E+00,0.000000E+00,2.110836E+01,4.702463E+01,2.388803E+01,5.385271E+01,1.140859E+03,1.569052E+02,5.921921E-02,1.386520E-02,0.000000E+00,0.000000E+00,0.000000E+00,0.000000E+00,0.000000E+00,0.000000E+00,0.000000E+00,0.000000E+00,2.110739E+01,4.664845E+01,2.388762E+01,5.806872E+01
02:50:00,1.126326E+03,1.670949E+02,5.846483E-02,1.476563E-02,0.000000E+00,0.000000E+00,0.000000E+00,0.000000E+00,0.000000E+00,0.000000E+00,0.000000E+00,0.000000E+00,2.110739E+01,4.661299E+01,2.388763E+01,5.740501E+01,1.176112E+03,2.709381E+02,6.105225E-02,2.394102E-02,0.000000E+00,0.000000E+00,0.000000E+00,0.000000E+00,0.000000E+00,0.000000E+00,0.000000E+00,0.000000E+00,2.110836E+01,4.702463E+01,2.388803E+01,5.398779E+01,1.140859E+03,1.537591E+02,5.921921E-02,1.358719E-02,0.000000E+00,0.000000E+00,0.000000E+00,0.000000E+00,0.000000E+00,0.000000E+00,0.000000E+00,0.000000E+00,2.110739E+01,4.664845E+01,2.388763E+01,5.827078E+01
03:00:00,1.126326E+03,1.634067E+02,5.846483E-02,1.443971E-02,0.000000E+00,0.000000E+00,0.000000E+00,0.000000E+00,0.000000E+00,0.000000E+00,0.000000E+00,0.000000E+00,2.110739E+01,4.661299E+01,2.388763E+01,5.762003E+01,1.176112E+03,2.662277E+02,6.105225E-02,2.352480E-02,0.000000E+00,0.000000E+00,0.000000E+00,0.000000E+00,0.000000E+00,0.000000E+00,0.000000E+00,0.000000E+00,2.110836E+01,4.702463E+01,2.388803E+01,5.412422E+01,1.140859E+03,1.507108E+02,5.921921E-02,1.331782E-02,0.000000E+00,0.000000E+00,0.000000E+00,0.000000E+00,0.000000E+00,0.000000E+00,0.000000E+00,0.000000E+00,2.110739E+01,4.664845E+01,2.388763E+01,5.847322E+01
03:10:00,1.126326E+03,1.598193E+02,5.846483E-02,1.412270E-02,0.000000E+00,0.000000E+00,0.000000E+00,0.000000E+00,0.000000E+00,0.000000E+00,0.000000E+00,0.000000E+00,2.110739E+01,4.661299E+01,2.388764E+01,5.783561E+01,1.176112E+03,2.615978E+02,6.105225E-02,2.311569E-02,0.000000E+00,0.000000E+00,0.000000E+00,0.000000E+00,0.000000E+00,0.000000E+00,0.000000E+00,0.000000E+00,2.110836E+01,4.702463E+01,2.388803E+01,5.426204E+01,1.140859E+03,1.477307E+02,5.921921E-02,1.305447E-02,0.000000E+00,0.000000E+00,0.000000E+00,0.000000E+00,0.000000E+00,0.000000E+00,0.000000E+00,0.000000E+00,2.110739E+01,4.664845E+01,2.388764E+01,5.867619E+01
03:20:00,1.126326E+03,1.563289E+02,5.846483E-02,1.381426E-02,0.000000E+00,0.000000E+00,0.000000E+00,0.000000E+00,0.000000E+00,0.000000E+00,0.000000E+00,0.000000E+00,2.110739E+01,4.661299E+01,2.388764E+01,5.805187E+01,1.176112E+03,2.570482E+02,6.105225E-02,2.271366E-02,0.000000E+00,0.000000E+00,0.000000E+00,0.000000E+00,0.000000E+00,0.000000E+00,0.000000E+00,0.000000E+00,2.110836E+01,4.702463E+01,2.388803E+01,5.440127E+01,1.140859E+03,1.448171E+02,5.921921E-02,1.279700E-02,0.000000E+00,0.000000E+00,0.000000E+00,0.000000E+00,0.000000E+00,0.000000E+00,0.000000E+00,0.000000E+00,2.110739E+01,4.664845E+01,2.388764E+01,5.887982E+01
03:30:00,1.126326E+03,1.529316E+02,5.846483E-02,1.351404E-02,0.000000E+00,0.000000E+00,0.000000E+00,0.000000E+00,0.000000E+00,0.000000E+00,0.000000E+00,0.000000E+00,2.110739E+01,4.661299E+01,2.388765E+01,5.826888E+01,1.176112E+03,2.525787E+02,6.105225E-02,2.231872E-02,0.000000E+00,0.000000E+00,0.000000E+00,0.000000E+00,0.000000E+00,0.000000E+00,0.000000E+00,0.000000E+00,2.110836E+01,4.702463E+01,2.388803E+01,5.454194E+01,1.140859E+03,1.419683E+02,5.921921E-02,1.254525E-02,0.000000E+00,0.000000E+00,0.000000E+00,0.000000E+00,0.000000E+00,0.000000E+00,0.000000E+00,0.000000E+00,2.110739E+01,4.664845E+01,2.388765E+01,5.908420E+01
03:40:00,1.126326E+03,1.496239E+02,5.846483E-02,1.322174E-02,0.000000E+00,0.000000E+00,0.000000E+00,0.000000E+00,0.000000E+00,0.000000E+00,0.000000E+00,0.000000E+00,2.110739E+01,4.661299E+01,2.388766E+01,5.848672E+01,1.176112E+03,2.481887E+02,6.105225E-02,2.193080E-02,0.000000E+00,0.000000E+00,0.000000E+00,0.000000E+00,0.000000E+00,0.000000E+00,0.000000E+00,0.000000E+00,2.110836E+01,4.702463E+01,2.388803E+01,5.468403E+01,1.140859E+03,1.391821E+02,5.921921E-02,1.229904E-02,0.000000E+00,0.000000E+00,0.000000E+00,0.000000E+00,0.000000E+00,0.000000E+00,0.000000E+00,0.000000E+00,2.110739E+01,4.664845E+01,2.388766E+01,5.928939E+01
03:50:00,1.126326E+03,1.464026E+02,5.846483E-02,1.293708E-02,0.000000E+00,0.000000E+00,0.000000E+00,0.000000E+00,0.000000E+00,0.000000E+00,0.000000E+00,0.000000E+00,2.110739E+01,4.661299E+01,2.388766E+01,5.870541E+01,1.176112E+03,2.438779E+02,6.105225E-02,2.154988E-02,0.000000E+00,0.000000E+00,0.000000E+00,0.000000E+00,0.000000E+00,0.000000E+00,0.000000E+00,0.000000E+00,2.110836E+01,4.702463E+01,2.388803E+01,5.482756E+01,1.140859E+03,1.364563E+02,5.921921E-02,1.205816E-02,0.000000E+00,0.000000E+00,0.000000E+00,0.000000E+00,0.000000E+00,0.000000E+00,0.000000E+00,0.000000E+00,2.110739E+01,4.664845E+01,2.388766E+01,5.949545E+01
04:00:00,1.126326E+03,1.432648E+02,5.846483E-02,1.265980E-02,0.000000E+00,0.000000E+00,0.000000E+00,0.000000E+00,0.000000E+00,0.000000E+00,0.000000E+00,0.000000E+00,2.110739E+01,4.661299E+01,2.388767E+01,5.892500E+01,1.176112E+03,2.396455E+02,6.105225E-02,2.117590E-02,0.000000E+00,0.000000E+00,0.000000E+00,0.000000E+00,0.000000E+00,0.000000E+00,0.000000E+00,0.000000E+00,2.110836E+01,4.702463E+01,2.388803E+01,5.497251E+01,1.140859E+03,1.337885E+02,5.921921E-02,1.182242E-02,0.000000E+00,0.000000E+00,0.000000E+00,0.000000E+00,0.000000E+00,0.000000E+00,0.000000E+00,0.000000E+00,2.110739E+01,4.664845E+01,2.388767E+01,5.970247E+01
04:10:00,1.126326E+03,1.402349E+02,5.846483E-02,1.239205E-02,0.000000E+00,0.000000E+00,0.000000E+00,0.000000E+00,0.000000E+00,0.000000E+00,0.000000E+00,0.000000E+00,2.110739E+01,4.661299E+01,2.388768E+01,5.914551E+01,1.176112E+03,2.355085E+02,6.105225E-02,2.081033E-02,0.000000E+00,0.000000E+00,0.000000E+00,0.000000E+00,0.000000E+00,0.000000E+00,0.000000E+00,0.000000E+00,2.110836E+01,4.702463E+01,2.388803E+01,5.511887E+01,1.140859E+03,1.312037E+02,5.921921E-02,1.159400E-02,0.000000E+00,0.000000E+00,0.000000E+00,0.000000E+00,0.000000E+00,0.000000E+00,0.000000E+00,0.000000E+00,2.110739E+01,4.664845E+01,2.388768E+01,5.991050E+01
04:20:00,1.126326E+03,1.373114E+02,5.846483E-02,1.213370E-02,0.000000E+00,0.000000E+00,0.000000E+00,0.000000E+00,0.000000E+00,0.000000E+00,0.000000E+00,0.000000E+00,2.110739E+01,4.661299E+01,2.388768E+01,5.936590E+01,1.176112E+03,2.314667E+02,6.105225E-02,2.045319E-02,0.000000E+00,0.000000E+00,0.000000E+00,0.000000E+00,0.000000E+00,0.000000E+00,0.000000E+00,0.000000E+00,2.110836E+01,4.702463E+01,2.388803E+01,5.526624E+01,1.140859E+03,1.287006E+02,5.921921E-02,1.137280E-02,0.000000E+00,0.000000E+00,0.000000E+00,0.000000E+00,0.000000E+00,0.000000E+00,0.000000E+00,0.000000E+00,2.110739E+01,4.664845E+01,2.388768E+01,6.011853E+01
04:30:00,1.126326E+03,1.344930E+02,5.846483E-02,1.188464E-02,0.000000E+00,0.000000E+00,0.000000E+00,0.000000E+00,0.000000E+00,0.000000E+00,0.000000E+00,0.000000E+00,2.110739E+01,4.661299E+01,2.388768E+01,5.958556E+01,1.176112E+03,2.275201E+02,6.105225E-02,2.010446E-02,0.000000E+00,0.000000E+00,0.000000E+00,0.000000E+00,0.000000E+00,0.000000E+00,0.000000E+00,0.000000E+00,2.110836E+01,4.702463E+01,2.388803E+01,5.541440E+01,1.140859E+03,1.262786E+02,5.921921E-02,1.115877E-02,0.000000E+00,0.000000E+00,0.000000E+00,0.000000E+00,0.000000E+00,0.000000E+00,0.000000E+00,0.000000E+00,2.110739E+01,4.664845E+01,2.388768E+01,6.032597E+01
04:40:00,1.126326E+03,1.317772E+02,5.846483E-02,1.164466E-02,0.000000E+00,0.000000E+00,0.000000E+00,0.000000E+00,0.000000E+00,0.000000E+00,0.000000E+00,0.000000E+00,2.110739E+01,4.661299E+01,2.388769E+01,5.980437E+01,1.176112E+03,2.236690E+02,6.105225E-02,1.976415E-02,0.000000E+00,0.000000E+00,0.000000E+00,0.000000E+00,0.000000E+00,0.000000E+00,0.000000E+00,0.000000E+00,2.110836E+01,4.702463E+01,2.388803E+01,5.556329E+01,1.140859E+03,1.239370E+02,5.921921E-02,1.095185E-02,0.000000E+00,0.000000E+00,0.000000E+00,0.000000E+00,0.000000E+00,0.000000E+00,0.000000E+00,0.000000E+00,2.110739E+01,4.664845E+01,2.388769E+01,6.053270E+01
04:50:00,1.126326E+03,1.291625E+02,5.846483E-02,1.141360E-02,0.000000E+00,0.000000E+00,0.000000E+00,0.000000E+00,0.000000E+00,0.000000E+00,0.000000E+00,0.000000E+00,2.110739E+01,4.661299E+01,2.388769E+01,6.002243E+01,1.176112E+03,2.199131E+02,6.105225E-02,1.943227E-02,0.000000E+00,0.000000E+00,0.000000E+00,0.000000E+00,0.000000E+00,0.000000E+00,0.000000E+00,0.000000E+00,2.110836E+01,4.702463E+01,2.388803E+01,5.571291E+01,1.140859E+03,1.216760E+02,5.921921E-02,1.075205E-02,0.000000E+00,0.000000E+00,0.000000E+00,0.000000E+00,0.000000E+00,0.000000E+00,0.000000E+00,0.000000E+00,2.110739E+01,4.664845E+01,2.388769E+01,6.073881E+01
05:00:00,1.126326E+03,1.266467E+02,5.846483E-02,1.119129E-02,0.000000E+00,0.000000E+00,0.000000E+00,0.000000E+00,0.000000E+00,0.000000E+00,0.000000E+00,0.000000E+00,2.110739E+01,4.661299E+01,2.388770E+01,6.023989E+01,1.176112E+03,2.162530E+02,6.105225E-02,1.910886E-02,0.000000E+00,0.000000E+00,0.000000E+00,0.000000E+00,0.000000E+00,0.000000E+00,0.000000E+00,0.000000E+00,2.110836E+01,4.702463E+01,2.388803E+01,5.586329E+01,1.140859E+03,1.194953E+02,5.921921E-02,1.055934E-02,0.000000E+00,0.000000E+00,0.000000E+00,0.000000E+00,0.000000E+00,0.000000E+00,0.000000E+00,0.000000E+00,2.110739E+01,4.664845E+01,2.388770E+01,6.094443E+01
05:10:00,1.126326E+03,1.243101E+02,5.846483E-02,1.098480E-02,0.000000E+00,0.000000E+00,0.000000E+00,0.000000E+00,0.000000E+00,0.000000E+00,0.000000E+00,0.000000E+00,2.110739E+01,4.661299E+01,2.388770E+01,6.045684E+01,1.176112E+03,2.127445E+02,6.105225E-02,1.879883E-02,0.000000E+00,0.000000E+00,0.000000E+00,0.000000E+00,0.000000E+00,0.000000E+00,0.000000E+00,0.000000E+00,2.110836E+01,4.702463E+01,2.388803E+01,5.601443E+01,1.140859E+03,1.174741E+02,5.921921E-02,1.038074E-02,0.000000E+00,0.000000E+00,0.000000E+00,0.000000E+00,0.000000E+00,0.000000E+00,0.000000E+00,0.000000E+00,2.110739E+01,4.664845E+01,2.388770E+01,6.114966E+01
05:20:00,1.126326E+03,1.226947E+02,5.846483E-02,1.084205E-02,0.000000E+00,0.000000E+00,0.000000E+00,0.000000E+00,0.000000E+00,0.000000E+00,0.000000E+00,0.000000E+00,2.110739E+01,4.661299E+01,2.388770E+01,6.066882E+01,1.176112E+03,2.096244E+02,6.105225E-02,1.852313E-02,0.000000E+00,0.000000E+00,0.000000E+00,0.000000E+00,0.000000E+00,0.000000E+00,0.000000E+00,0.000000E+00,2.110836E+01,4.702463E+01,2.388802E+01,5.616457E+01,1.140859E+03,1.169558E+02,5.921921E-02,1.033493E-02,0.000000E+00,0.000000E+00,0.000000E+00,0.000000E+00,0.000000E+00,0.000000E+00,0.000000E+00,0.000000E+00,2.110739E+01,4.664845E+01,2.388770E+01,6.134995E+01
05:30:00,1.126326E+03,1.219471E+02,5.846483E-02,1.077600E-02,0.000000E+00,0.000000E+00,0.000000E+00,0.000000E+00,0.000000E+00,0.000000E+00,0.000000E+00,0.000000E+00,2.110739E+01,4.661299E+01,2.388764E+01,6.085088E+01,1.176112E+03,2.069770E+02,6.105225E-02,1.828921E-02,0.000000E+00,0.000000E+00,0.000000E+00,0.000000E+00,0.000000E+00,0.000000E+00,0.000000E+00,0.000000E+00,2.110836E+01,4.702463E+01,2.388800E+01,5.630735E+01,1.140859E+03,1.189411E+02,5.921921E-02,1.051038E-02,0.000000E+00,0.000000E+00,0.000000E+00,0.000000E+00,0.000000E+00,0.000000E+00,0.000000E+00,0.000000E+00,2.110739E+01,4.664845E+01,2.388755E+01,6.148508E+01
05:40:00,1.126326E+03,1.224257E+02,5.846483E-02,1.081831E-02,0.000000E+00,0.000000E+00,0.000000E+00,0.000000E+00,0.000000E+00,0.000000E+00,0.000000E+00,0.000000E+00,2.110739E+01,4.661299E+01,2.388757E+01,6.098413E+01,1.176112E+03,2.049609E+02,6.105225E-02,1.811108E-02,0.000000E+00,0.000000E+00,0.000000E+00,0.000000E+00,0.000000E+00,0.000000E+00,0.000000E+00,0.000000E+00,2.110836E+01,4.702463E+01,2.388797E+01,5.643776E+01,1.140859E+03,1.247241E+02,5.921921E-02,1.102148E-02,0.000000E+00,0.000000E+00,0.000000E+00,0.000000E+00,0.000000E+00,0.000000E+00,0.000000E+00,0.000000E+00,2.110739E+01,4.664845E+01,2.388730E+01,6.148072E+01
05:50:00,1.126326E+03,1.243850E+02,5.846483E-02,1.099149E-02,0.000000E+00,0.000000E+00,0.000000E+00,0.000000E+00,0.000000E+00,0.000000E+00,0.000000E+00,0.000000E+00,2.110739E+01,4.661299E+01,2.388747E+01,6.104975E+01,1.176112E+03,2.036949E+02,6.105225E-02,1.799922E-02,0.000000E+00,0.000000E+00,0.000000E+00,0.000000E+00,0.000000E+00,0.000000E+00,0.000000E+00,0.000000E+00,2.110836E+01,4.702463E+01,2.388795E+01,5.655095E+01,1.140859E+03,1.344849E+02,5.921921E-02,1.188418E-02,0.000000E+00,0.000000E+00,0.000000E+00,0.000000E+00,0.000000E+00,0.000000E+00,0.000000E+00,0.000000E+00,2.110739E+01,4.664845E+01,2.388694E+01,6.126051E+01
06:00:00,1.126326E+03,1.281369E+02,5.846483E-02,1.132309E-02,0.000000E+00,0.000000E+00,0.000000E+00,0.000000E+00,0.000000E+00,0.000000E+00,0.000000E+00,0.000000E+00,2.110739E+01,4.661299E+01,2.388735E+01,6.103363E+01,1.176112E+03,2.033037E+02,6.105225E-02,1.796469E-02,0.000000E+00,0.000000E+00,0.000000E+00,0.000000E+00,0.000000E+00,0.000000E+00,0.000000E+00,0.000000E+00,2.110836E+01,4.702463E+01,2.388792E+01,5.664325E+01,1.140859E+03,1.485078E+02,5.921921E-02,1.312362E-02,0.000000E+00,0.000000E+00,0.000000E+00,0.000000E+00,0.000000E+00,0.000000E+00,0.000000E+00,0.000000E+00,2.110739E+01,4.664845E+01,2.388661E+01,6.080831E+01
06:10:00,1.126326E+03,1.340766E+02,5.846483E-02,1.184807E-02,0.000000E+00,0.000000E+00,0.000000E+00,0.000000E+00,0.000000E+00,0.000000E+00,0.000000E+00,0.000000E+00,2.110739E+01,4.661299E+01,2.388721E+01,6.092410E+01,1.176112E+03,2.039515E+02,6.105225E-02,1.802197E-02,0.000000E+00,0.000000E+00,0.000000E+00,0.000000E+00,0.000000E+00,0.000000E+00,0.000000E+00,0.000000E+00,2.110836E+01,4.702463E+01,2.388789E+01,5.671166E+01,1.140859E+03,1.672148E+02,5.921921E-02,1.477709E-02,0.000000E+00,0.000000E+00,0.000000E+00,0.000000E+00,0.000000E+00,0.000000E+00,0.000000E+00,0.000000E+00,2.110739E+01,4.664845E+01,2.388632E+01,6.014815E+01
06:20:00,1.126326E+03,1.420499E+02,5.846483E-02,1.255278E-02,0.000000E+00,0.000000E+00,0.000000E+00,0.000000E+00,0.000000E+00,0.000000E+00,0.000000E+00,0.000000E+00,2.110739E+01,4.661299E+01,2.388703E+01,6.070447E+01,1.176112E+03,2.055557E+02,6.105225E-02,1.816377E-02,0.000000E+00,0.000000E+00,0.000000E+00,0.000000E+00,0.000000E+00,0.000000E+00,0.000000E+00,0.000000E+00,2.110836E+01,4.702463E+01,2.388785E+01,5.675089E+01,1.140859E+03,1.896345E+02,5.921921E-02,1.675880E-02,0.000000E+00,0.000000E+00,0.000000E+00,0.000000E+00,0.000000E+00,0.000000E+00,0.000000E+00,0.000000E+00,2.110739E+01,4.664845E+01,2.388605E+01,5.931237E+01
06:30:00,1.126326E+03,1.526309E+02,5.846483E-02,1.348799E-02,0.000000E+00,0.000000E+00,0.000000E+00,0.000000E+00,0.000000E+00,0.000000E+00,0.000000E+00,0.000000E+00,2.110739E+01,4.661299E+01,2.388684E+01,6.036312E+01,1.176112E+03,2.083114E+02,6.105225E-02,1.840733E-02,0.000000E+00,0.000000E+00,0.000000E+00,0.000000E+00,0.000000E+00,0.000000E+00,0.000000E+00,0.000000E+00,2.110836E+01,4.702463E+01,2.388780E+01,5.675671E+01,1.140859E+03,2.156084E+02,5.921921E-02,1.905468E-02,0.000000E+00,0.000000E+00,0.000000E+00,0.000000E+00,0.000000E+00,0.000000E+00,0.000000E+00,0.000000E+00,2.110739E+01,4.664845E+01,2.388584E+01,5.834166E+01
06:40:00,1.126326E+03,1.656644E+02,5.846483E-02,1.463999E-02,0.000000E+00,0.000000E+00,0.000000E+00,0.000000E+00,0.000000E+00,0.000000E+00,0.000000E+00,0.000000E+00,2.110739E+01,4.661299E+01,2.388661E+01,5.988401E+01,1.176112E+03,2.121474E+02,6.105225E-02,1.874637E-02,0.000000E+00,0.000000E+00,0.000000E+00,0.000000E+00,0.000000E+00,0.000000E+00,0.000000E+00,0.000000E+00,2.110836E+01,4.702463E+01,2.388774E+01,5.672347E+01,1.140859E+03,2.438838E+02,5.921921E-02,2.155407E-02,0.000000E+00,0.000000E+00,0.000000E+00,0.000000E+00,0.000000E+00,0.000000E+00,0.000000E+00,0.000000E+00,2.110739E+01,4.664845E+01,2.388565E+01,5.726790E+01
06:50:00,1.126326E+03,1.812033E+02,5.846483E-02,1.601344E-02,0.000000E+00,0.000000E+00,0.000000E+00,0.000000E+00,0.000000E+00,0.000000E+00,0.000000E+00,0.000000E+00,2.110739E+01,4.661299E+01,2.388641E+01,5.927346E+01,1.176112E+03,2.170724E+02,6.105225E-02,1.918164E-02,0.000000E+00,0.000000E+00,0.000000E+00,0.000000E+00,0.000000E+00,0.000000E+00,0.000000E+00,0.000000E+00,2.110836E+01,4.702463E+01,2.388769E+01,5.664970E+01,1.140859E+03,2.744825E+02,5.921921E-02,2.425880E-02,0.000000E+00,0.000000E+00,0.000000E+00,0.000000E+00,0.000000E+00,0.000000E+00,0.000000E+00,0.000000E+00,2.110739E+01,4.664845E+01,2.388556E+01,5.614389E+01
07:00:00,1.126326E+03,1.992219E+02,5.846483E-02,1.760610E-02,0.000000E+00,0.000000E+00,0.000000E+00,0.000000E+00,0.000000E+00,0.000000E+00,0.000000E+00,0.000000E+00,2.110739E+01,4.661299E+01,2.388623E+01,5.855136E+01,1.176112E+03,2.230942E+02,6.105225E-02,1.971385E-02,0.000000E+00,0.000000E+00,0.000000E+00,0.000000E+00,0.000000E+00,0.000000E+00,0.000000E+00,0.000000E+00,2.110836E+01,4.702463E+01,2.388763E+01,5.653622E+01,1.140859E+03,3.072773E+02,5.921921E-02,2.715758E-02,0.000000E+00,0.000000E+00,0.000000E+00,0.000000E+00,0.000000E+00,0.000000E+00,0.000000E+00,0.000000E+00,2.110739E+01,4.664845E+01,2.388556E+01,5.502582E+01
07:10:00,1.126326E+03,2.197882E+02,5.846483E-02,1.942396E-02,0.000000E+00,0.000000E+00,0.000000E+00,0.000000E+00,0.000000E+00,0.000000E+00,0.000000E+00,0.000000E+00,2.110739E+01,4.661299E+01,2.388609E+01,5.774419E+01,1.176112E+03,2.302889E+02,6.105225E-02,2.034970E-02,0.000000E+00,0.000000E+00,0.000000E+00,0.000000E+00,0.000000E+00,0.000000E+00,0.000000E+00,0.000000E+00,2.110836E+01,4.702463E+01,2.388759E+01,5.638447E+01,1.140859E+03,3.421809E+02,5.921921E-02,3.024267E-02,0.000000E+00,0.000000E+00,0.000000E+00,0.000000E+00,0.000000E+00,0.000000E+00,0.000000E+00,0.000000E+00,2.110739E+01,4.664845E+01,2.388562E+01,5.396099E+01
07:20:00,1.126326E+03,2.427685E+02,5.846483E-02,2.145519E-02,0.000000E+00,0.000000E+00,0.000000E+00,0.000000E+00,0.000000E+00,0.000000E+00,0.000000E+00,0.000000E+00,2.110739E+01,4.661299E+01,2.388597E+01,5.687199E+01,1.176112E+03,2.386258E+02,6.105225E-02,2.108650E-02,0.000000E+00,0.000000E+00,0.000000E+00,0.000000E+00,0.000000E+00,0.000000E+00,0.000000E+00,0.000000E+00,2.110836E+01,4.702463E+01,2.388754E+01,5.619227E+01,1.140859E+03,3.789106E+02,5.921921E-02,3.348902E-02,0.000000E+00,0.000000E+00,0.000000E+00,0.000000E+00,0.000000E+00,0.000000E+00,0.000000E+00,0.000000E+00,2.110739E+01,4.664845E+01,2.388571E+01,5.297641E+01
07:30:00,1.126326E+03,2.676529E+02,5.846483E-02,2.365472E-02,0.000000E+00,0.000000E+00,0.000000E+00,0.000000E+00,0.000000E+00,0.000000E+00,0.000000E+00,0.000000E+00,2.110739E+01,4.661299E+01,2.388589E+01,5.596162E+01,1.176112E+03,2.479407E+02,6.105225E-02,2.190973E-02,0.000000E+00,0.000000E+00,0.000000E+00,0.000000E+00,0.000000E+00,0.000000E+00,0.000000E+00,0.000000E+00,2.110836E+01,4.702463E+01,2.388749E+01,5.596017E+01,1.140859E+03,4.166598E+02,5.921921E-02,3.682533E-02,0.000000E+00,0.000000E+00,0.000000E+00,0.000000E+00,0.000000E+00,0.000000E+00,0.000000E+00,0.000000E+00,2.110739E+01,4.664845E+01,2.388584E+01,5.209022E+01
07:40:00,1.126326E+03,2.944091E+02,5.846483E-02,2.601965E-02,0.000000E+00,0.000000E+00,0.000000E+00,0.000000E+00,0.000000E+00,0.000000E+00,0.000000E+00,0.000000E+00,2.110739E+01,4.661299E+01,2.388587E+01,5.504475E+01,1.176112E+03,2.582511E+02,6.105225E-02,2.282092E-02,0.000000E+00,0.000000E+00,0.000000E+00,0.000000E+00,0.000000E+00,0.000000E+00,0.000000E+00,0.000000E+00,2.110836E+01,4.702463E+01,2.388745E+01,5.569183E+01,1.140859E+03,4.553695E+02,5.921921E-02,4.024633E-02,0.000000E+00,0.000000E+00,0.000000E+00,0.000000E+00,0.000000E+00,0.000000E+00,0.000000E+00,0.000000E+00,2.110739E+01,4.664845E+01,2.388600E+01,5.131248E+01
07:50:00,1.126326E+03,3.228587E+02,5.846483E-02,2.853420E-02,0.000000E+00,0.000000E+00,0.000000E+00,0.000000E+00,0.000000E+00,0.000000E+00,0.000000E+00,0.000000E+00,2.110739E+01,4.661299E+01,2.388589E+01,5.415205E+01,1.176112E+03,2.695239E+02,6.105225E-02,2.381716E-02,0.000000E+00,0.000000E+00,0.000000E+00,0.000000E+00,0.000000E+00,0.000000E+00,0.000000E+00,0.000000E+00,2.110836E+01,4.702463E+01,2.388741E+01,5.539262E+01,1.140859E+03,4.947728E+02,5.921921E-02,4.372845E-02,0.000000E+00,0.000000E+00,0.000000E+00,0.000000E+00,0.000000E+00,0.000000E+00,0.000000E+00,0.000000E+00,2.110739E+01,4.664845E+01,2.388616E+01,5.064452E+01
08:00:00,1.126326E+03,3.528057E+02,5.846483E-02,3.118101E-02,0.000000E+00,0.000000E+00,0.000000E+00,0.000000E+00,0.000000E+00,0.000000E+00,0.000000E+00,0.000000E+00,2.110739E+01,4.661299E+01,2.388595E+01,5.330874E+01,1.176112E+03,2.817104E+02,6.105225E-02,2.489415E-02,0.000000E+00,0.000000E+00,0.000000E+00,0.000000E+00,0.000000E+00,0.000000E+00,0.000000E+00,0.000000E+00,2.110836E+01,4.702463E+01,2.388738E+01,5.506854E+01,1.140859E+03,5.346036E+02,5.921921E-02,4.724818E-02,0.000000E+00,0.000000E+00,0.000000E+00,0.000000E+00,0.000000E+00,0.000000E+00,0.000000E+00,0.000000E+00,2.110739E+01,4.664845E+01,2.388632E+01,5.008014E+01
08:10:00,1.126326E+03,3.917014E+02,5.846483E-02,3.461861E-02,0.000000E+00,0.000000E+00,0.000000E+00,0.000000E+00,0.000000E+00,0.000000E+00,0.000000E+00,0.000000E+00,2.110739E+01,4.661299E+01,2.388603E+01,5.253263E+01,1.176112E+03,3.051311E+02,6.105225E-02,2.696388E-02,0.000000E+00,0.000000E+00,0.000000E+00,0.000000E+00,0.000000E+00,0.000000E+00,0.000000E+00,0.000000E+00,2.110836E+01,4.702463E+01,2.388736E+01,5.472571E+01,1.140859E+03,5.822454E+02,5.921921E-02,5.145808E-02,0.000000E+00,0.000000E+00,0.000000E+00,0.000000E+00,0.000000E+00,0.000000E+00,0.000000E+00,0.000000E+00,2.110739E+01,4.664845E+01,2.388646E+01,4.960809E+01
08:20:00,1.126326E+03,4.313826E+02,5.846483E-02,3.812576E-02,0.000000E+00,0.000000E+00,0.000000E+00,0.000000E+00,0.000000E+00,0.000000E+00,0.000000E+00,0.000000E+00,2.110739E+01,4.661299E+01,2.388579E+01,5.170711E+01,1.176112E+03,3.291788E+02,6.105225E-02,2.908928E-02,0.000000E+00,0.000000E+00,0.000000E+00,0.000000E+00,0.000000E+00,0.000000E+00,0.000000E+00,0.000000E+00,2.110836E+01,4.702463E+01,2.388687E+01,5.418068E+01,1.140859E+03,6.295064E+02,5.921921E-02,5.563443E-02,0.000000E+00,0.000000E+00,0.000000E+00,0.000000E+00,0.000000E+00,0.000000E+00,0.000000E+00,0.000000E+00,2.110739E+01,4.664845E+01,2.388638E+01,4.913895E+01
08:30:00,1.126326E+03,4.716444E+02,5.846483E-02,4.168407E-02,0.000000E+00,0.000000E+00,0.000000E+00,0.000000E+00,0.000000E+00,0.000000E+00,0.000000E+00,0.000000E+00,2.110739E+01,4.661299E+01,2.388596E+01,5.093555E+01,1.176112E+03,3.538400E+02,6.105225E-02,3.126886E-02,0.000000E+00,0.000000E+00,0.000000E+00,0.000000E+00,0.000000E+00,0.000000E+00,0.000000E+00,0.000000E+00,2.110836E+01,4.702463E+01,2.388691E+01,5.355572E+01,1.140859E+03,6.761449E+02,5.921921E-02,5.975565E-02,0.000000E+00,0.000000E+00,0.000000E+00,0.000000E+00,0.000000E+00,0.000000E+00,0.000000E+00,0.000000E+00,2.110739E+01,4.664845E+01,2.388653E+01,4.872524E+01
08:40:00,1.126326E+03,5.122566E+02,5.846483E-02,4.527314E-02,0.000000E+00,0.000000E+00,0.000000E+00,0.000000E+00,0.000000E+00,0.000000E+00,0.000000E+00,0.000000E+00,2.110739E+01,4.661299E+01,2.388619E+01,5.029355E+01,1.176112E+03,3.790739E+02,6.105225E-02,3.349898E-02,0.000000E+00,0.000000E+00,0.000000E+00,0.000000E+00,0.000000E+00,0.000000E+00,0.000000E+00,0.000000E+00,2.110836E+01,4.702463E+01,2.388701E+01,5.296485E+01,1.140859E+03,7.217206E+02,5.921921E-02,6.378285E-02,0.000000E+00,0.000000E+00,0.000000E+00,0.000000E+00,0.000000E+00,0.000000E+00,0.000000E+00,0.000000E+00,2.110739E+01,4.664845E+01,2.388669E+01,4.840023E+01
08:50:00,1.126326E+03,5.529866E+02,5.846483E-02,4.887244E-02,0.000000E+00,0.000000E+00,0.000000E+00,0.000000E+00,0.000000E+00,0.000000E+00,0.000000E+00,0.000000E+00,2.110739E+01,4.661299E+01,2.388640E+01,4.978834E+01,1.176112E+03,4.047899E+02,6.105225E-02,3.577165E-02,0.000000E+00,0.000000E+00,0.000000E+00,0.000000E+00,0.000000E+00,0.000000E+00,0.000000E+00,0.000000E+00,2.110836E+01,4.702463E+01,2.388712E+01,5.244936E+01,1.140859E+03,7.661224E+02,5.921921E-02,6.770623E-02,0.000000E+00,0.000000E+00,0.000000E+00,0.000000E+00,0.000000E+00,0.000000E+00,0.000000E+00,0.000000E+00,2.110739E+01,4.664845E+01,2.388684E+01,4.815739E+01
09:00:00,1.126326E+03,5.936101E+02,5.846483E-02,5.246220E-02,0.000000E+00,0.000000E+00,0.000000E+00,0.000000E+00,0.000000E+00,0.000000E+00,0.000000E+00,0.000000E+00,2.110739E+01,4.661299E+01,2.388656E+01,4.939258E+01,1.176112E+03,4.309182E+02,6.105225E-02,3.808068E-02,0.000000E+00,0.000000E+00,0.000000E+00,0.000000E+00,0.000000E+00,0.000000E+00,0.000000E+00,0.000000E+00,2.110836E+01,4.702463E+01,2.388721E+01,5.200759E+01,1.140859E+03,8.091724E+02,5.921921E-02,7.151013E-02,0.000000E+00,0.000000E+00,0.000000E+00,0.000000E+00,0.000000E+00,0.000000E+00,0.000000E+00,0.000000E+00,2.110739E+01,4.664845E+01,2.388694E+01,4.797180E+01
09:10:00,1.126326E+03,6.362786E+02,5.846483E-02,5.623254E-02,0.000000E+00,0.000000E+00,0.000000E+00,0.000000E+00,0.000000E+00,0.000000E+00,0.000000E+00,0.000000E+00,2.110739E+01,4.661299E+01,2.388669E+01,4.907488E+01,1.176112E+03,4.606284E+02,6.105225E-02,4.070618E-02,0.000000E+00,0.000000E+00,0.000000E+00,0.000000E+00,0.000000E+00,0.000000E+00,0.000000E+00,0.000000E+00,2.110836E+01,4.702463E+01,2.388729E+01,5.162482E+01,1.140859E+03,8.530403E+02,5.921921E-02,7.538628E-02,0.000000E+00,0.000000E+00,0.000000E+00,0.000000E+00,0.000000E+00,0.000000E+00,0.000000E+00,0.000000E+00,2.110739E+01,4.664845E+01,2.388701E+01,4.782165E+01
09:20:00,1.126326E+03,6.782888E+02,5.846483E-02,5.994465E-02,0.000000E+00,0.000000E+00,0.000000E+00,0.000000E+00,0.000000E+00,0.000000E+00,0.000000E+00,0.000000E+00,2.110739E+01,4.661299E+01,2.388655E+01,4.872351E+01,1.176112E+03,4.905257E+02,6.105225E-02,4.334823E-02,0.000000E+00,0.000000E+00,0.000000E+00,0.000000E+00,0.000000E+00,0.000000E+00,0.000000E+00,0.000000E+00,2.110836E+01,4.702463E+01,2.388695E+01,5.112580E+01,1.140859E+03,8.950288E+02,5.921921E-02,7.909638E-02,0.000000E+00,0.000000E+00,0.000000E+00,0.000000E+00,0.000000E+00,0.000000E+00,0.000000E+00,0.000000E+00,2.110739E+01,4.664845E+01,2.388690E+01,4.763303E+01
09:30:00,1.126326E+03,7.194334E+02,5.846483E-02,6.358025E-02,0.000000E+00,0.000000E+00,0.000000E+00,0.000000E+00,0.000000E+00,0.000000E+00,0.000000E+00,0.000000E+00,2.110739E+01,4.661299E+01,2.388666E+01,4.840206E+01,1.176112E+03,5.205259E+02,6.105225E-02,4.599930E-02,0.000000E+00,0.000000E+00,0.000000E+00,0.000000E+00,0.000000E+00,0.000000E+00,0.000000E+00,0.000000E+00,2.110836E+01,4.702463E+01,2.388705E+01,5.061517E+01,1.140859E+03,9.349477E+02,5.921921E-02,8.262362E-02,0.000000E+00,0.000000E+00,0.000000E+00,0.000000E+00,0.000000E+00,0.000000E+00,0.000000E+00,0.000000E+00,2.110739E+01,4.664845E+01,2.388697E+01,4.745820E+01
09:40:00,1.126326E+03,7.595230E+02,5.846483E-02,6.712258E-02,0.000000E+00,0.000000E+00,0.000000E+00,0.000000E+00,0.000000E+00,0.000000E+00,0.000000E+00,0.000000E+00,2.110739E+01,4.661299E+01,2.388681E+01,4.815411E+01,1.176112E+03,5.505149E+02,6.105225E-02,4.864931E-02,0.000000E+00,0.000000E+00,0.000000E+00,0.000000E+00,0.000000E+00,0.000000E+00,0.000000E+00,0.000000E+00,2.110836E+01,4.702463E+01,2.388721E+01,5.018229E+01,1.140859E+03,9.728213E+02,5.921921E-02,8.597014E-02,0.000000E+00,0.000000E+00,0.000000E+00,0.000000E+00,0.000000E+00,0.000000E+00,0.000000E+00,0.000000E+00,2.110739E+01,4.664845E+01,2.388707E+01,4.732940E+01
09:50:00,1.126326E+03,7.983913E+02,5.846483E-02,7.055699E-02,0.000000E+00,0.000000E+00,0.000000E+00,0.000000E+00,0.000000E+00,0.000000E+00,0.000000E+00,0.000000E+00,2.110739E+01,4.661299E+01,2.388693E+01,4.797543E+01,1.176112E+03,5.804430E+02,6.105225E-02,5.129388E-02,0.000000E+00,0.000000E+00,0.000000E+00,0.000000E+00,0.000000E+00,0.000000E+00,0.000000E+00,0.000000E+00,2.110836E+01,4.702463E+01,2.388735E+01,4.984660E+01,1.140859E+03,1.008379E+03,5.921921E-02,8.911206E-02,0.000000E+00,0.000000E+00,0.000000E+00,0.000000E+00,0.000000E+00,0.000000E+00,0.000000E+00,0.000000E+00,2.110739E+01,4.664845E+01,2.388715E+01,4.724233E+01
10:00:00,1.126326E+03,8.358803E+02,5.846483E-02,7.386955E-02,0.000000E+00,0.000000E+00,0.000000E+00,0.000000E+00,0.000000E+00,0.000000E+00,0.000000E+00,0.000000E+00,2.110739E+01,4.661299E+01,2.388702E+01,4.784272E+01,1.176112E+03,6.102364E+02,6.105225E-02,5.392651E-02,0.000000E+00,0.000000E+00,0.000000E+00,0.000000E+00,0.000000E+00,0.000000E+00,0.000000E+00,0.000000E+00,2.110836E+01,4.702463E+01,2.388746E+01,4.958967E+01,1.140859E+03,1.041450E+03,5.921921E-02,9.203420E-02,0.000000E+00,0.000000E+00,0.000000E+00,0.000000E+00,0.000000E+00,0.000000E+00,0.000000E+00,0.000000E+00,2.110739E+01,4.664845E+01,2.388720E+01,4.718044E+01
10:10:00,1.126326E+03,8.614382E+02,5.846483E-02,7.612774E-02,0.000000E+00,0.000000E+00,0.000000E+00,0.000000E+00,0.000000E+00,0.000000E+00,0.000000E+00,0.000000E+00,2.110739E+01,4.661299E+01,2.388707E+01,4.773612E+01,1.176112E+03,6.259806E+02,6.105225E-02,5.531759E-02,0.000000E+00,0.000000E+00,0.000000E+00,0.000000E+00,0.000000E+00,0.000000E+00,0.000000E+00,0.000000E+00,2.110836E+01,4.702463E+01,2.388754E+01,4.938643E+01,1.140859E+03,1.061503E+03,5.921921E-02,9.380597E-02,0.000000E+00,0.000000E+00,0.000000E+00,0.000000E+00,0.000000E+00,0.000000E+00,0.000000E+00,0.000000E+00,2.110739E+01,4.664845E+01,2.388723E+01,4.713154E+01
10:20:00,1.126326E+03,8.853456E+02,5.846483E-02,7.823986E-02,0.000000E+00,0.000000E+00,0.000000E+00,0.000000E+00,0.000000E+00,0.000000E+00,0.000000E+00,0.000000E+00,2.110739E+01,4.661299E+01,2.388711E+01,4.764562E+01,1.176112E+03,6.414697E+02,6.105225E-02,5.668581E-02,0.000000E+00,0.000000E+00,0.000000E+00,0.000000E+00,0.000000E+00,0.000000E+00,0.000000E+00,0.000000E+00,2.110836E+01,4.702463E+01,2.388759E+01,4.921866E+01,1.140859E+03,1.078867E+03,5.921921E-02,9.533999E-02,0.000000E+00,0.000000E+00,0.000000E+00,0.000000E+00,0.000000E+00,0.000000E+00,0.000000E+00,0.000000E+00,2.110739E+01,4.664845E+01,2.388726E+01,4.709107E+01
10:30:00,1.126326E+03,9.074599E+02,5.846483E-02,8.019358E-02,0.000000E+00,0.000000E+00,0.000000E+00,0.000000E+00,0.000000E+00,0.000000E+00,0.000000E+00,0.000000E+00,2.110739E+01,4.661299E+01,2.388714E+01,4.756737E+01,1.176112E+03,6.565924E+02,6.105225E-02,5.802168E-02,0.000000E+00,0.000000E+00,0.000000E+00,0.000000E+00,0.000000E+00,0.000000E+00,0.000000E+00,0.000000E+00,2.110836E+01,4.702463E+01,2.388764E+01,4.907551E+01,1.140859E+03,1.093477E+03,5.921921E-02,9.663062E-02,0.000000E+00,0.000000E+00,0.000000E+00,0.000000E+00,0.000000E+00,0.000000E+00,0.000000E+00,0.000000E+00,2.110739E+01,4.664845E+01,2.388728E+01,4.705808E+01
10:40:00,1.126326E+03,9.276765E+02,5.846483E-02,8.197972E-02,0.000000E+00,0.000000E+00,0.000000E+00,0.000000E+00,0.000000E+00,0.000000E+00,0.000000E+00,0.000000E+00,2.110739E+01,4.661299E+01,2.388717E+01,4.749989E+01,1.176112E+03,6.712949E+02,6.105225E-02,5.932050E-02,0.000000E+00,0.000000E+00,0.000000E+00,0.000000E+00,0.000000E+00,0.000000E+00,0.000000E+00,0.000000E+00,2.110836E+01,4.702463E+01,2.388767E+01,4.895080E+01,1.140859E+03,1.105319E+03,5.921921E-02,9.767677E-02,0.000000E+00,0.000000E+00,0.000000E+00,0.000000E+00,0.000000E+00,0.000000E+00,0.000000E+00,0.000000E+00,2.110739E+01,4.664845E+01,2.388730E+01,4.703240E+01
10:50:00,1.126326E+03,9.450740E+02,5.846483E-02,8.351684E-02,0.000000E+00,0.000000E+00,0.000000E+00,0.000000E+00,0.000000E+00,0.000000E+00,0.000000E+00,0.000000E+00,2.110739E+01,4.661299E+01,2.388719E+01,4.744222E+01,1.176112E+03,6.852856E+02,6.105225E-02,6.055651E-02,0.000000E+00,0.000000E+00,0.000000E+00,0.000000E+00,0.000000E+00,0.000000E+00,0.000000E+00,0.000000E+00,2.110836E+01,4.702463E+01,2.388770E+01,4.884076E+01,1.140859E+03,1.113425E+03,5.921921E-02,9.839286E-02,0.000000E+00,0.000000E+00,0.000000E+00,0.000000E+00,0.000000E+00,0.000000E+00,0.000000E+00,0.000000E+00,2.110739E+01,4.664845E+01,2.388731E+01,4.701361E+01
11:00:00,1.126326E+03,9.600546E+02,5.846483E-02,8.484042E-02,0.000000E+00,0.000000E+00,0.000000E+00,0.000000E+00,0.000000E+00,0.000000E+00,0.000000E+00,0.000000E+00,2.110739E+01,4.661299E+01,2.388723E+01,4.739789E+01,1.176112E+03,6.986271E+02,6.105225E-02,6.173522E-02,0.000000E+00,0.000000E+00,0.000000E+00,0.000000E+00,0.000000E+00,0.000000E+00,0.000000E+00,0.000000E+00,2.110836E+01,4.702463E+01,2.388773E+01,4.874439E+01,1.140859E+03,1.118460E+03,5.921921E-02,9.883760E-02,0.000000E+00,0.000000E+00,0.000000E+00,0.000000E+00,0.000000E+00,0.000000E+00,0.000000E+00,0.000000E+00,2.110739E+01,4.664845E+01,2.388734E+01,4.700551E+01
11:10:00,1.126326E+03,9.726357E+02,5.846483E-02,8.595199E-02,0.000000E+00,0.000000E+00,0.000000E+00,0.000000E+00,0.000000E+00,0.000000E+00,0.000000E+00,0.000000E+00,2.110739E+01,4.661299E+01,2.388725E+01,4.736391E+01,1.176112E+03,7.112404E+02,6.105225E-02,6.284961E-02,0.000000E+00,0.000000E+00,0.000000E+00,0.000000E+00,0.000000E+00,0.000000E+00,0.000000E+00,0.000000E+00,2.110836E+01,4.702463E+01,2.388775E+01,4.865931E+01,1.140859E+03,1.120660E+03,5.921921E-02,9.903179E-02,0.000000E+00,0.000000E+00,0.000000E+00,0.000000E+00,0.000000E+00,0.000000E+00,0.000000E+00,0.000000E+00,2.110739E+01,4.664845E+01,2.388736E+01,4.700510E+01
11:20:00,1.126326E+03,9.827899E+02,5.846483E-02,8.684911E-02,0.000000E+00,0.000000E+00,0.000000E+00,0.000000E+00,0.000000E+00,0.000000E+00,0.000000E+00,0.000000E+00,2.110739E+01,4.661299E+01,2.388727E+01,4.733735E+01,1.176112E+03,7.230734E+02,6.105225E-02,6.389508E-02,0.000000E+00,0.000000E+00,0.000000E+00,0.000000E+00,0.000000E+00,0.000000E+00,0.000000E+00,0.000000E+00,2.110836E+01,4.702463E+01,2.388777E+01,4.858390E+01,1.140859E+03,1.120228E+03,5.921921E-02,9.899352E-02,0.000000E+00,0.000000E+00,0.000000E+00,0.000000E+00,0.000000E+00,0.000000E+00,0.000000E+00,0.000000E+00,2.110739E+01,4.664845E+01,2.388737E+01,4.700943E+01
11:30:00,1.126326E+03,9.904953E+02,5.846483E-02,8.752986E-02,0.000000E+00,0.000000E+00,0.000000E+00,0.000000E+00,0.000000E+00,0.000000E+00,0.000000E+00,0.000000E+00,2.110739E+01,4.661299E+01,2.388728E+01,4.731685E+01,1.176112E+03,7.340784E+02,6.105225E-02,6.486741E-02,0.000000E+00,0.000000E+00,0.000000E+00,0.000000E+00,0.000000E+00,0.000000E+00,0.000000E+00,0.000000E+00,2.110836E+01,4.702463E+01,2.388779E+01,4.851683E+01,1.140859E+03,1.117432E+03,5.921921E-02,9.874623E-02,0.000000E+00,0.000000E+00,0.000000E+00,0.000000E+00,0.000000E+00,0.000000E+00,0.000000E+00,0.000000E+00,2.110739E+01,4.664845E+01,2.388737E+01,4.701719E+01
11:40:00,1.126326E+03,9.957438E+02,5.846483E-02,8.799350E-02,0.000000E+00,0.000000E+00,0.000000E+00,0.000000E+00,0.000000E+00,0.000000E+00,0.000000E+00,0.000000E+00,2.110739E+01,4.661299E+01,2.388730E+01,4.730214E+01,1.176112E+03,7.442141E+02,6.105225E-02,6.576293E-02,0.000000E+00,0.000000E+00,0.000000E+00,0.000000E+00,0.000000E+00,0.000000E+00,0.000000E+00,0.000000E+00,2.110836E+01,4.702463E+01,2.388780E+01,4.845703E+01,1.140859E+03,1.112589E+03,5.921921E-02,9.831813E-02,0.000000E+00,0.000000E+00,0.000000E+00,0.000000E+00,0.000000E+00,0.000000E+00,0.000000E+00,0.000000E+00,2.110739E+01,4.664845E+01,2.388738E+01,4.702789E+01
11:50:00,1.126326E+03,9.994014E+02,5.846483E-02,8.831657E-02,0.000000E+00,0.000000E+00,0.000000E+00,0.000000E+00,0.000000E+00,0.000000E+00,0.000000E+00,0.000000E+00,2.110739E+01,4.661299E+01,2.388731E+01,4.729322E+01,1.176112E+03,7.536693E+02,6.105225E-02,6.659833E-02,0.000000E+00,0.000000E+00,0.000000E+00,0.000000E+00,0.000000E+00,0.000000E+00,0.000000E+00,0.000000E+00,2.110836E+01,4.702463E+01,2.388782E+01,4.840369E+01,1.140859E+03,1.107078E+03,5.921921E-02,9.783109E-02,0.000000E+00,0.000000E+00,0.000000E+00,0.000000E+00,0.000000E+00,0.000000E+00,0.000000E+00,0.000000E+00,2.110739E+01,4.664845E+01,2.388739E+01,4.704105E+01
12:00:00,1.126326E+03,1.001284E+03,5.846483E-02,8.848277E-02,0.000000E+00,0.000000E+00,0.000000E+00,0.000000E+00,0.000000E+00,0.000000E+00,0.000000E+00,0.000000E+00,2.110739E+01,4.661299E+01,2.388732E+01,4.728991E+01,1.176112E+03,7.622919E+02,6.105225E-02,6.736017E-02,0.000000E+00,0.000000E+00,0.000000E+00,0.000000E+00,0.000000E+00,0.000000E+00,0.000000E+00,0.000000E+00,2.110836E+01,4.702463E+01,2.388783E+01,4.835623E+01,1.140859E+03,1.100549E+03,5.921921E-02,9.725400E-02,0.000000E+00,0.000000E+00,0.000000E+00,0.000000E+00,0.000000E+00,0.000000E+00,0.000000E+00,0.000000E+00,2.110739E+01,4.664845E+01,2.388739E+01,4.705590E+01
12:10:00,1.126326E+03,1.001642E+03,5.846483E-02,8.851434E-02,0.000000E+00,0.000000E+00,0.000000E+00,0.000000E+00,0.000000E+00,0.000000E+00,0.000000E+00,0.000000E+00,2.110739E+01,4.661299E+01,2.388733E+01,4.729063E+01,1.176112E+03,7.700817E+02,6.105225E-02,6.804843E-02,0.000000E+00,0.000000E+00,0.000000E+00,0.000000E+00,0.000000E+00,0.000000E+00,0.000000E+00,0.000000E+00,2.110836E+01,4.702463E+01,2.388784E+01,4.831418E+01,1.140859E+03,1.092973E+03,5.921921E-02,9.658451E-02,0.000000E+00,0.000000E+00,0.000000E+00,0.000000E+00,0.000000E+00,0.000000E+00,0.000000E+00,0.000000E+00,2.110739E+01,4.664845E+01,2.388739E+01,4.707227E+01
12:20:00,1.126326E+03,1.000763E+03,5.846483E-02,8.843659E-02,0.000000E+00,0.000000E+00,0.000000E+00,0.000000E+00,0.000000E+00,0.000000E+00,0.000000E+00,0.000000E+00,2.110739E+01,4.661299E+01,2.388734E+01,4.729400E+01,1.176112E+03,7.770202E+02,6.105225E-02,6.866146E-02,0.000000E+00,0.000000E+00,0.000000E+00,0.000000E+00,0.000000E+00,0.000000E+00,0.000000E+00,0.000000E+00,2.110836E+01,4.702463E+01,2.388785E+01,4.827749E+01,1.140859E+03,1.084342E+03,5.921921E-02,9.582172E-02,0.000000E+00,0.000000E+00,0.000000E+00,0.000000E+00,0.000000E+00,0.000000E+00,0.000000E+00,0.000000E+00,2.110739E+01,4.664845E+01,2.388739E+01,4.709136E+01
12:30:00,1.126326E+03,9.989150E+02,5.846483E-02,8.827318E-02,0.000000E+00,0.000000E+00,0.000000E+00,0.000000E+00,0.000000E+00,0.000000E+00,0.000000E+00,0.000000E+00,2.110739E+01,4.661299E+01,2.388734E+01,4.729907E+01,1.176112E+03,7.830975E+02,6.105225E-02,6.919840E-02,0.000000E+00,0.000000E+00,0.000000E+00,0.000000E+00,0.000000E+00,0.000000E+00,0.000000E+00,0.000000E+00,2.110836E+01,4.702463E+01,2.388786E+01,4.824594E+01,1.140859E+03,1.074579E+03,5.921921E-02,9.495896E-02,0.000000E+00,0.000000E+00,0.000000E+00,0.000000E+00,0.000000E+00,0.000000E+00,0.000000E+00,0.000000E+00,2.110739E+01,4.664845E+01,2.388740E+01,4.711415E+01
12:40:00,1.126326E+03,9.963488E+02,5.846483E-02,8.804635E-02,0.000000E+00,0.000000E+00,0.000000E+00,0.000000E+00,0.000000E+00,0.000000E+00,0.000000E+00,0.000000E+00,2.110739E+01,4.661299E+01,2.388734E+01,4.730552E+01,1.176112E+03,7.883099E+02,6.105225E-02,6.965892E-02,0.000000E+00,0.000000E+00,0.000000E+00,0.000000E+00,0.000000E+00,0.000000E+00,0.000000E+00,0.000000E+00,2.110836E+01,4.702463E+01,2.388787E+01,4.821921E+01,1.140859E+03,1.063554E+03,5.921921E-02,9.398467E-02,0.000000E+00,0.000000E+00,0.000000E+00,0.000000E+00,0.000000E+00,0.000000E+00,0.000000E+00,0.000000E+00,2.110739E+01,4.664845E+01,2.388741E+01,4.714114E+01
12:50:00,1.126326E+03,9.932478E+02,5.846483E-02,8.777227E-02,0.000000E+00,0.000000E+00,0.000000E+00,0.000000E+00,0.000000E+00,0.000000E+00,0.000000E+00,0.000000E+00,2.110739E+01,4.661299E+01,2.388735E+01,4.731342E+01,1.176112E+03,7.926621E+02,6.105225E-02,7.004344E-02,0.000000E+00,0.000000E+00,0.000000E+00,0.000000E+00,0.000000E+00,0.000000E+00,0.000000E+00,0.000000E+00,2.110836E+01,4.702463E+01,2.388788E+01,4.819692E+01,1.140859E+03,1.051067E+03,5.921921E-02,9.288122E-02,0.000000E+00,0.000000E+00,0.000000E+00,0.000000E+00,0.000000E+00,0.000000E+00,0.000000E+00,0.000000E+00,2.110739E+01,4.664845E+01,2.388741E+01,4.717250E+01
13:00:00,1.126326E+03,9.895548E+02,5.846483E-02,8.744589E-02,0.000000E+00,0.000000E+00,0.000000E+00,0.000000E+00,0.000000E+00,0.000000E+00,0.000000E+00,0.000000E+00,2.110739E+01,4.661299E+01,2.388735E+01,4.732308E+01,1.176112E+03,7.961632E+02,6.105225E-02,7.035274E-02,0.000000E+00,0.000000E+00,0.000000E+00,0.000000E+00,0.000000E+00,0.000000E+00,0.000000E+00,0.000000E+00,2.110836E+01,4.702463E+01,2.388789E+01,4.817876E+01,1.140859E+03,1.037057E+03,5.921921E-02,9.164308E-02,0.000000E+00,0.000000E+00,0.000000E+00,0.000000E+00,0.000000E+00,0.000000E+00,0.000000E+00,0.000000E+00,2.110739E+01,4.664845E+01,2.388742E+01,4.720822E+01
13:10:00,1.126326E+03,9.851479E+02,5.846483E-02,8.705643E-02,0.000000E+00,0.000000E+00,0.000000E+00,0.000000E+00,0.000000E+00,0.000000E+00,0.000000E+00,0.000000E+00,2.110739E+01,4.661299E+01,2.388735E+01,4.733475E+01,1.176112E+03,7.988092E+02,6.105225E-02,7.058650E-02,0.000000E+00,0.000000E+00,0.000000E+00,0.000000E+00,0.000000E+00,0.000000E+00,0.000000E+00,0.000000E+00,2.110836E+01,4.702463E+01,2.388790E+01,4.816446E+01,1.140859E+03,1.021569E+03,5.921921E-02,9.027441E-02,0.000000E+00,0.000000E+00,0.000000E+00,0.000000E+00,0.000000E+00,0.000000E+00,0.000000E+00,0.000000E+00,2.110739E+01,4.664845E+01,2.388742E+01,4.724828E+01
13:20:00,1.126326E+03,9.799853E+02,5.846483E-02,8.660020E-02,0.000000E+00,0.000000E+00,0.000000E+00,0.000000E+00,0.000000E+00,0.000000E+00,0.000000E+00,0.000000E+00,2.110739E+01,4.661299E+01,2.388736E+01,4.734914E+01,1.176112E+03,8.006300E+02,6.105225E-02,7.074734E-02,0.000000E+00,0.000000E+00,0.000000E+00,0.000000E+00,0.000000E+00,0.000000E+00,0.000000E+00,0.000000E+00,2.110836E+01,4.702463E+01,2.388790E+01,4.815422E+01,1.140859E+03,1.004742E+03,5.921921E-02,8.878735E-02,0.000000E+00,0.000000E+00,0.000000E+00,0.000000E+00,0.000000E+00,0.000000E+00,0.000000E+00,0.000000E+00,2.110739E+01,4.664845E+01,2.388743E+01,4.729321E+01
13:30:00,1.126326E+03,9.740786E+02,5.846483E-02,8.607821E-02,0.000000E+00,0.000000E+00,0.000000E+00,0.000000E+00,0.000000E+00,0.000000E+00,0.000000E+00,0.000000E+00,2.110739E+01,4.661299E+01,2.388736E+01,4.736631E+01,1.176112E+03,8.016625E+02,6.105225E-02,7.083853E-02,0.000000E+00,0.000000E+00,0.000000E+00,0.000000E+00,0.000000E+00,0.000000E+00,0.000000E+00,0.000000E+00,2.110836E+01,4.702463E+01,2.388791E+01,4.814789E+01,1.140859E+03,9.867540E+02,5.921921E-02,8.719777E-02,0.000000E+00,0.000000E+00,0.000000E+00,0.000000E+00,0.000000E+00,0.000000E+00,0.000000E+00,0.000000E+00,2.110739E+01,4.664845E+01,2.388743E+01,4.734297E+01
13:40:00,1.126326E+03,9.674896E+02,5.846483E-02,8.549592E-02,0.000000E+00,0.000000E+00,0.000000E+00,0.000000E+00,0.000000E+00,0.000000E+00,0.000000E+00,0.000000E+00,2.110739E+01,4.661299E+01,2.388736E+01,4.738578E+01,1.176112E+03,8.019524E+02,6.105225E-02,7.086409E-02,0.000000E+00,0.000000E+00,0.000000E+00,0.000000E+00,0.000000E+00,0.000000E+00,0.000000E+00,0.000000E+00,2.110836E+01,4.702463E+01,2.388792E+01,4.814511E+01,1.140859E+03,9.678241E+02,5.921921E-02,8.552493E-02,0.000000E+00,0.000000E+00,0.000000E+00,0.000000E+00,0.000000E+00,0.000000E+00,0.000000E+00,0.000000E+00,2.110739E+01,4.664845E+01,2.388744E+01,4.739704E+01
13:50:00,1.126326E+03,9.603667E+02,5.846483E-02,8.486645E-02,0.000000E+00,0.000000E+00,0.000000E+00,0.000000E+00,0.000000E+00,0.000000E+00,0.000000E+00,0.000000E+00,2.110739E+01,4.661299E+01,2.388736E+01,4.740692E+01,1.176112E+03,8.015841E+02,6.105225E-02,7.083151E-02,0.000000E+00,0.000000E+00,0.000000E+00,0.000000E+00,0.000000E+00,0.000000E+00,0.000000E+00,0.000000E+00,2.110836E+01,4.702463E+01,2.388792E+01,4.814543E+01,1.140859E+03,9.482183E+02,5.921921E-02,8.379237E-02,0.000000E+00,0.000000E+00,0.000000E+00,0.000000E+00,0.000000E+00,0.000000E+00,0.000000E+00,0.000000E+00,2.110739E+01,4.664845E+01,2.388744E+01,4.745476E+01
14:00:00,1.126326E+03,9.529680E+02,5.846483E-02,8.421262E-02,0.000000E+00,0.000000E+00,0.000000E+00,0.000000E+00,0.000000E+00,0.000000E+00,0.000000E+00,0.000000E+00,2.110739E+01,4.661299E+01,2.388736E+01,4.742902E+01,1.176112E+03,8.006471E+02,6.105225E-02,7.074866E-02,0.000000E+00,0.000000E+00,0.000000E+00,0.000000E+00,0.000000E+00,0.000000E+00,0.000000E+00,0.000000E+00,2.110836E+01,4.702463E+01,2.388793E+01,4.814825E+01,1.140859E+03,9.283022E+02,5.921921E-02,8.203239E-02,0.000000E+00,0.000000E+00,0.000000E+00,0.000000E+00,0.000000E+00,0.000000E+00,0.000000E+00,0.000000E+00,2.110739E+01,4.664845E+01,2.388744E+01,4.751533E+01
14:10:00,1.126326E+03,9.434273E+02,5.846483E-02,8.336950E-02,0.000000E+00,0.000000E+00,0.000000E+00,0.000000E+00,0.000000E+00,0.000000E+00,0.000000E+00,0.000000E+00,2.110739E+01,4.661299E+01,2.388736E+01,4.745085E+01,1.176112E+03,7.964452E+02,6.105225E-02,7.037733E-02,0.000000E+00,0.000000E+00,0.000000E+00,0.000000E+00,0.000000E+00,0.000000E+00,0.000000E+00,0.000000E+00,2.110836E+01,4.702463E+01,2.388793E+01,4.815301E+01,1.140859E+03,9.063000E+02,5.921921E-02,8.008808E-02,0.000000E+00,0.000000E+00,0.000000E+00,0.000000E+00,0.000000E+00,0.000000E+00,0.000000E+00,0.000000E+00,2.110739E+01,4.664845E+01,2.388743E+01,4.757742E+01
14:20:00,1.126326E+03,9.344117E+02,5.846483E-02,8.257276E-02,0.000000E+00,0.000000E+00,0.000000E+00,0.000000E+00,0.000000E+00,0.000000E+00,0.000000E+00,0.000000E+00,2.110739E+01,4.661299E+01,2.388739E+01,4.748415E+01,1.176112E+03,7.918311E+02,6.105225E-02,6.996954E-02,0.000000E+00,0.000000E+00,0.000000E+00,0.000000E+00,0.000000E+00,0.000000E+00,0.000000E+00,0.000000E+00,2.110836E+01,4.702463E+01,2.388797E+01,4.817646E+01,1.140859E+03,8.846272E+02,5.921921E-02,7.817286E-02,0.000000E+00,0.000000E+00,0.000000E+00,0.000000E+00,0.000000E+00,0.000000E+00,0.000000E+00,0.000000E+00,2.110739E+01,4.664845E+01,2.388746E+01,4.765355E+01
14:30:00,1.126326E+03,9.261705E+02,5.846483E-02,8.184448E-02,0.000000E+00,0.000000E+00,0.000000E+00,0.000000E+00,0.000000E+00,0.000000E+00,0.000000E+00,0.000000E+00,2.110739E+01,4.661299E+01,2.388738E+01,4.751648E+01,1.176112E+03,7.869842E+02,6.105225E-02,6.954119E-02,0.000000E+00,0.000000E+00,0.000000E+00,0.000000E+00,0.000000E+00,0.000000E+00,0.000000E+00,0.000000E+00,2.110836E+01,4.702463E+01,2.388797E+01,4.820652E+01,1.140859E+03,8.637920E+02,5.921921E-02,7.633166E-02,0.000000E+00,0.000000E+00,0.000000E+00,0.000000E+00,0.000000E+00,0.000000E+00,0.000000E+00,0.000000E+00,2.110739E+01,4.664845E+01,2.388745E+01,4.773276E+01
14:40:00,1.126326E+03,9.191916E+02,5.846483E-02,8.122776E-02,0.000000E+00,0.000000E+00,0.000000E+00,0.000000E+00,0.000000E+00,0.000000E+00,0.000000E+00,0.000000E+00,2.110739E+01,4.661299E+01,2.388736E+01,4.754004E+01,1.176112E+03,7.821030E+02,6.105225E-02,6.910982E-02,0.000000E+00,0.000000E+00,0.000000E+00,0.000000E+00,0.000000E+00,0.000000E+00,0.000000E+00,0.000000E+00,2.110836E+01,4.702463E+01,2.388796E+01,4.823275E+01,1.140859E+03,8.443947E+02,5.921921E-02,7.461756E-02,0.000000E+00,0.000000E+00,0.000000E+00,0.000000E+00,0.000000E+00,0.000000E+00,0.000000E+00,0.000000E+00,2.110739E+01,4.664845E+01,2.388743E+01,4.780555E+01
14:50:00,1.126326E+03,9.140340E+02,5.846483E-02,8.077202E-02,0.000000E+00,0.000000E+00,0.000000E+00,0.000000E+00,0.000000E+00,0.000000E+00,0.000000E+00,0.000000E+00,2.110739E+01,4.661299E+01,2.388734E+01,4.755305E+01,1.176112E+03,7.774873E+02,6.105225E-02,6.870193E-02,0.000000E+00,0.000000E+00,0.000000E+00,0.000000E+00,0.000000E+00,0.000000E+00,0.000000E+00,0.000000E+00,2.110836E+01,4.702463E+01,2.388795E+01,4.825197E+01,1.140859E+03,8.270408E+02,5.921921E-02,7.308406E-02,0.000000E+00,0.000000E+00,0.000000E+00,0.000000E+00,0.000000E+00,0.000000E+00,0.000000E+00,0.000000E+00,2.110739E+01,4.664845E+01,2.388741E+01,4.786774E+01
15:00:00,1.126326E+03,9.106734E+02,5.846483E-02,8.047510E-02,0.000000E+00,0.000000E+00,0.000000E+00,0.000000E+00,0.000000E+00,0.000000E+00,0.000000E+00,0.000000E+00,2.110739E+01,4.661299E+01,2.388732E+01,4.755552E+01,1.176112E+03,7.733353E+02,6.105225E-02,6.833503E-02,0.000000E+00,0.000000E+00,0.000000E+00,0.000000E+00,0.000000E+00,0.000000E+00,0.000000E+00,0.000000E+00,2.110836E+01,4.702463E+01,2.388794E+01,4.826406E+01,1.140859E+03,8.117631E+02,5.921921E-02,7.173405E-02,0.000000E+00,0.000000E+00,0.000000E+00,0.000000E+00,0.000000E+00,0.000000E+00,0.000000E+00,0.000000E+00,2.110739E+01,4.664845E+01,2.388738E+01,4.791767E+01
15:10:00,1.126326E+03,9.089155E+02,5.846483E-02,8.031983E-02,0.000000E+00,0.000000E+00,0.000000E+00,0.000000E+00,0.000000E+00,0.000000E+00,0.000000E+00,0.000000E+00,2.110739E+01,4.661299E+01,2.388731E+01,4.755020E+01,1.176112E+03,7.697578E+02,6.105225E-02,6.801890E-02,0.000000E+00,0.000000E+00,0.000000E+00,0.000000E+00,0.000000E+00,0.000000E+00,0.000000E+00,0.000000E+00,2.110836E+01,4.702463E+01,2.388793E+01,4.827001E+01,1.140859E+03,7.984194E+02,5.921921E-02,7.055496E-02,0.000000E+00,0.000000E+00,0.000000E+00,0.000000E+00,0.000000E+00,0.000000E+00,0.000000E+00,0.000000E+00,2.110739E+01,4.664845E+01,2.388736E+01,4.795737E+01
15:20:00,1.126326E+03,9.082520E+02,5.846483E-02,8.026126E-02,0.000000E+00,0.000000E+00,0.000000E+00,0.000000E+00,0.000000E+00,0.000000E+00,0.000000E+00,0.000000E+00,2.110739E+01,4.661299E+01,2.388733E+01,4.755416E+01,1.176112E+03,7.668919E+02,6.105225E-02,6.776568E-02,0.000000E+00,0.000000E+00,0.000000E+00,0.000000E+00,0.000000E+00,0.000000E+00,0.000000E+00,0.000000E+00,2.110836E+01,4.702463E+01,2.388796E+01,4.828902E+01,1.140859E+03,7.868681E+02,5.921921E-02,6.953427E-02,0.000000E+00,0.000000E+00,0.000000E+00,0.000000E+00,0.000000E+00,0.000000E+00,0.000000E+00,0.000000E+00,2.110739E+01,4.664845E+01,2.388739E+01,4.800645E+01
15:30:00,1.126326E+03,9.084413E+02,5.846483E-02,8.027804E-02,0.000000E+00,0.000000E+00,0.000000E+00,0.000000E+00,0.000000E+00,0.000000E+00,0.000000E+00,0.000000E+00,2.110739E+01,4.661299E+01,2.388733E+01,4.755990E+01,1.176112E+03,7.647340E+02,6.105225E-02,6.757501E-02,0.000000E+00,0.000000E+00,0.000000E+00,0.000000E+00,0.000000E+00,0.000000E+00,0.000000E+00,0.000000E+00,2.110836E+01,4.702463E+01,2.388796E+01,4.830988E+01,1.140859E+03,7.767159E+02,5.921921E-02,6.863722E-02,0.000000E+00,0.000000E+00,0.000000E+00,0.000000E+00,0.000000E+00,0.000000E+00,0.000000E+00,0.000000E+00,2.110739E+01,4.664845E+01,2.388738E+01,4.805675E+01
15:40:00,1.126326E+03,9.089495E+02,5.846483E-02,8.032300E-02,0.000000E+00,0.000000E+00,0.000000E+00,0.000000E+00,0.000000E+00,0.000000E+00,0.000000E+00,0.000000E+00,2.110739E+01,4.661299E+01,2.388732E+01,4.756164E+01,1.176112E+03,7.632353E+02,6.105225E-02,6.744260E-02,0.000000E+00,0.000000E+00,0.000000E+00,0.000000E+00,0.000000E+00,0.000000E+00,0.000000E+00,0.000000E+00,2.110836E+01,4.702463E+01,2.388794E+01,4.832318E+01,1.140859E+03,7.674131E+02,5.921921E-02,6.781521E-02,0.000000E+00,0.000000E+00,0.000000E+00,0.000000E+00,0.000000E+00,0.000000E+00,0.000000E+00,0.000000E+00,2.110739E+01,4.664845E+01,2.388736E+01,4.810137E+01
15:50:00,1.126326E+03,9.090975E+02,5.846483E-02,8.033611E-02,0.000000E+00,0.000000E+00,0.000000E+00,0.000000E+00,0.000000E+00,0.000000E+00,0.000000E+00,0.000000E+00,2.110739E+01,4.661299E+01,2.388732E+01,4.755951E+01,1.176112E+03,7.621834E+02,6.105225E-02,6.734967E-02,0.000000E+00,0.000000E+00,0.000000E+00,0.000000E+00,0.000000E+00,0.000000E+00,0.000000E+00,0.000000E+00,2.110836E+01,4.702463E+01,2.388793E+01,4.832718E+01,1.140859E+03,7.583193E+02,5.921921E-02,6.701167E-02,0.000000E+00,0.000000E+00,0.000000E+00,0.000000E+00,0.000000E+00,0.000000E+00,0.000000E+00,0.000000E+00,2.110739E+01,4.664845E+01,2.388735E+01,4.813978E+01
16:00:00,1.126326E+03,9.086535E+02,5.846483E-02,8.029687E-02,0.000000E+00,0.000000E+00,0.000000E+00,0.000000E+00,0.000000E+00,0.000000E+00,0.000000E+00,0.000000E+00,2.110739E+01,4.661299E+01,2.388732E+01,4.755607E+01,1.176112E+03,7.614394E+02,6.105225E-02,6.728395E-02,0.000000E+00,0.000000E+00,0.000000E+00,0.000000E+00,0.000000E+00,0.000000E+00,0.000000E+00,0.000000E+00,2.110836E+01,4.702463E+01,2.388792E+01,4.832415E+01,1.140859E+03,7.492309E+02,5.921921E-02,6.620857E-02,0.000000E+00,0.000000E+00,0.000000E+00,0.000000E+00,0.000000E+00,0.000000E+00,0.000000E+00,0.000000E+00,2.110739E+01,4.664845E+01,2.388734E+01,4.817444E+01
16:10:00,1.126326E+03,9.055311E+02,5.846483E-02,8.002094E-02,0.000000E+00,0.000000E+00,0.000000E+00,0.000000E+00,0.000000E+00,0.000000E+00,0.000000E+00,0.000000E+00,2.110739E+01,4.661299E+01,2.388732E+01,4.755355E+01,1.176112E+03,7.581915E+02,6.105225E-02,6.699697E-02,0.000000E+00,0.000000E+00,0.000000E+00,0.000000E+00,0.000000E+00,0.000000E+00,0.000000E+00,0.000000E+00,2.110836E+01,4.702463E+01,2.388791E+01,4.831687E+01,1.140859E+03,7.380919E+02,5.921921E-02,6.522426E-02,0.000000E+00,0.000000E+00,0.000000E+00,0.000000E+00,0.000000E+00,0.000000E+00,0.000000E+00,0.000000E+00,2.110739E+01,4.664845E+01,2.388734E+01,4.820777E+01
16:20:00,1.126326E+03,9.016889E+02,5.846483E-02,7.968135E-02,0.000000E+00,0.000000E+00,0.000000E+00,0.000000E+00,0.000000E+00,0.000000E+00,0.000000E+00,0.000000E+00,2.110739E+01,4.661299E+01,2.388738E+01,4.757803E+01,1.176112E+03,7.550893E+02,6.105225E-02,6.672282E-02,0.000000E+00,0.000000E+00,0.000000E+00,0.000000E+00,0.000000E+00,0.000000E+00,0.000000E+00,0.000000E+00,2.110836E+01,4.702463E+01,2.388799E+01,4.834263E+01,1.140859E+03,7.268997E+02,5.921921E-02,6.423519E-02,0.000000E+00,0.000000E+00,0.000000E+00,0.000000E+00,0.000000E+00,0.000000E+00,0.000000E+00,0.000000E+00,2.110739E+01,4.664845E+01,2.388742E+01,4.827355E+01
16:30:00,1.126326E+03,8.967868E+02,5.846483E-02,7.924809E-02,0.000000E+00,0.000000E+00,0.000000E+00,0.000000E+00,0.000000E+00,0.000000E+00,0.000000E+00,0.000000E+00,2.110739E+01,4.661299E+01,2.388738E+01,4.760947E+01,1.176112E+03,7.519139E+02,6.105225E-02,6.644220E-02,0.000000E+00,0.000000E+00,0.000000E+00,0.000000E+00,0.000000E+00,0.000000E+00,0.000000E+00,0.000000E+00,2.110836E+01,4.702463E+01,2.388798E+01,4.837783E+01,1.140859E+03,7.151303E+02,5.921921E-02,6.319512E-02,0.000000E+00,0.000000E+00,0.000000E+00,0.000000E+00,0.000000E+00,0.000000E+00,0.000000E+00,0.000000E+00,2.110739E+01,4.664845E+01,2.388741E+01,4.834851E+01
16:40:00,1.126326E+03,8.908651E+02,5.846483E-02,7.872474E-02,0.000000E+00,0.000000E+00,0.000000E+00,0.000000E+00,0.000000E+00,0.000000E+00,0.000000E+00,0.000000E+00,2.110739E+01,4.661299E+01,2.388737E+01,4.763571E+01,1.176112E+03,7.486262E+02,6.105225E-02,6.615167E-02,0.000000E+00,0.000000E+00,0.000000E+00,0.000000E+00,0.000000E+00,0.000000E+00,0.000000E+00,0.000000E+00,2.110836E+01,4.702463E+01,2.388796E+01,4.840379E+01,1.140859E+03,7.029856E+02,5.921921E-02,6.212188E-02,0.000000E+00,0.000000E+00,0.000000E+00,0.000000E+00,0.000000E+00,0.000000E+00,0.000000E+00,0.000000E+00,2.110739E+01,4.664845E+01,2.388740E+01,4.841862E+01
16:50:00,1.126326E+03,8.839076E+02,5.846483E-02,7.810986E-02,0.000000E+00,0.000000E+00,0.000000E+00,0.000000E+00,0.000000E+00,0.000000E+00,0.000000E+00,0.000000E+00,2.110739E+01,4.661299E+01,2.388736E+01,4.765585E+01,1.176112E+03,7.451540E+02,6.105225E-02,6.584483E-02,0.000000E+00,0.000000E+00,0.000000E+00,0.000000E+00,0.000000E+00,0.000000E+00,0.000000E+00,0.000000E+00,2.110836E+01,4.702463E+01,2.388795E+01,4.841655E+01,1.140859E+03,6.905172E+02,5.921921E-02,6.102004E-02,0.000000E+00,0.000000E+00,0.000000E+00,0.000000E+00,0.000000E+00,0.000000E+00,0.000000E+00,0.000000E+00,2.110739E+01,4.664845E+01,2.388738E+01,4.848035E+01
17:00:00,1.126326E+03,8.758610E+02,5.846483E-02,7.739874E-02,0.000000E+00,0.000000E+00,0.000000E+00,0.000000E+00,0.000000E+00,0.000000E+00,0.000000E+00,0.000000E+00,2.110739E+01,4.661299E+01,2.388736E+01,4.767361E+01,1.176112E+03,7.414248E+02,6.105225E-02,6.551528E-02,0.000000E+00,0.000000E+00,0.000000E+00,0.000000E+00,0.000000E+00,0.000000E+00,0.000000E+00,0.000000E+00,2.110836E+01,4.702463E+01,2.388794E+01,4.841984E+01,1.140859E+03,6.777179E+02,5.921921E-02,5.988895E-02,0.000000E+00,0.000000E+00,0.000000E+00,0.000000E+00,0.000000E+00,0.000000E+00,0.000000E+00,0.000000E+00,2.110739E+01,4.664845E+01,2.388737E+01,4.853587E+01
17:10:00,1.126326E+03,8.708563E+02,5.846483E-02,7.695643E-02,0.000000E+00,0.000000E+00,0.000000E+00,0.000000E+00,0.000000E+00,0.000000E+00,0.000000E+00,0.000000E+00,2.110739E+01,4.661299E+01,2.388736E+01,4.769261E+01,1.176112E+03,7.429033E+02,6.105225E-02,6.564591E-02,0.000000E+00,0.000000E+00,0.000000E+00,0.000000E+00,0.000000E+00,0.000000E+00,0.000000E+00,0.000000E+00,2.110836E+01,4.702463E+01,2.388793E+01,4.841844E+01,1.140859E+03,6.687518E+02,5.921921E-02,5.909662E-02,0.000000E+00,0.000000E+00,0.000000E+00,0.000000E+00,0.000000E+00,0.000000E+00,0.000000E+00,0.000000E+00,2.110739E+01,4.664845E+01,2.388736E+01,4.858867E+01
17:20:00,1.126326E+03,8.646649E+02,5.846483E-02,7.640933E-02,0.000000E+00,0.000000E+00,0.000000E+00,0.000000E+00,0.000000E+00,0.000000E+00,0.000000E+00,0.000000E+00,2.110739E+01,4.661299E+01,2.388736E+01,4.771526E+01,1.176112E+03,7.439789E+02,6.105225E-02,6.574101E-02,0.000000E+00,0.000000E+00,0.000000E+00,0.000000E+00,0.000000E+00,0.000000E+00,0.000000E+00,0.000000E+00,2.110836E+01,4.702463E+01,2.388793E+01,4.841604E+01,1.140859E+03,6.594244E+02,5.921921E-02,5.827241E-02,0.000000E+00,0.000000E+00,0.000000E+00,0.000000E+00,0.000000E+00,0.000000E+00,0.000000E+00,0.000000E+00,2.110739E+01,4.664845E+01,2.388736E+01,4.864186E+01
17:30:00,1.126326E+03,8.574847E+02,5.846483E-02,7.577484E-02,0.000000E+00,0.000000E+00,0.000000E+00,0.000000E+00,0.000000E+00,0.000000E+00,0.000000E+00,0.000000E+00,2.110739E+01,4.661299E+01,2.388737E+01,4.774257E+01,1.176112E+03,7.447017E+02,6.105225E-02,6.580494E-02,0.000000E+00,0.000000E+00,0.000000E+00,0.000000E+00,0.000000E+00,0.000000E+00,0.000000E+00,0.000000E+00,2.110836E+01,4.702463E+01,2.388793E+01,4.841454E+01,1.140859E+03,6.501817E+02,5.921921E-02,5.745569E-02,0.000000E+00,0.000000E+00,0.000000E+00,0.000000E+00,0.000000E+00,0.000000E+00,0.000000E+00,0.000000E+00,2.110739E+01,4.664845E+01,2.388736E+01,4.869719E+01
17:40:00,1.126326E+03,8.491463E+02,5.846483E-02,7.503798E-02,0.000000E+00,0.000000E+00,0.000000E+00,0.000000E+00,0.000000E+00,0.000000E+00,0.000000E+00,0.000000E+00,2.110739E+01,4.661299E+01,2.388738E+01,4.777486E+01,1.176112E+03,7.449448E+02,6.105225E-02,6.582644E-02,0.000000E+00,0.000000E+00,0.000000E+00,0.000000E+00,0.000000E+00,0.000000E+00,0.000000E+00,0.000000E+00,2.110836E+01,4.702463E+01,2.388794E+01,4.841479E+01,1.140859E+03,6.407558E+02,5.921921E-02,5.662277E-02,0.000000E+00,0.000000E+00,0.000000E+00,0.000000E+00,0.000000E+00,0.000000E+00,0.000000E+00,0.000000E+00,2.110739E+01,4.664845E+01,2.388736E+01,4.875537E+01
17:50:00,1.126326E+03,8.395493E+02,5.846483E-02,7.418988E-02,0.000000E+00,0.000000E+00,0.000000E+00,0.000000E+00,0.000000E+00,0.000000E+00,0.000000E+00,0.000000E+00,2.110739E+01,4.661299E+01,2.388738E+01,4.781232E+01,1.176112E+03,7.446211E+02,6.105225E-02,6.579785E-02,0.000000E+00,0.000000E+00,0.000000E+00,0.000000E+00,0.000000E+00,0.000000E+00,0.000000E+00,0.000000E+00,2.110836E+01,4.702463E+01,2.388794E+01,4.841724E+01,1.140859E+03,6.310405E+02,5.921921E-02,5.576425E-02,0.000000E+00,0.000000E+00,0.000000E+00,0.000000E+00,0.000000E+00,0.000000E+00,0.000000E+00,0.000000E+00,2.110739E+01,4.664845E+01,2.388737E+01,4.881665E+01
18:00:00,1.126326E+03,8.286424E+02,5.846483E-02,7.322601E-02,0.000000E+00,0.000000E+00,0.000000E+00,0.000000E+00,0.000000E+00,0.000000E+00,0.000000E+00,0.000000E+00,2.110739E+01,4.661299E+01,2.388739E+01,4.785527E+01,1.176112E+03,7.436539E+02,6.105225E-02,6.571237E-02,0.000000E+00,0.000000E+00,0.000000E+00,0.000000E+00,0.000000E+00,0.000000E+00,0.000000E+00,0.000000E+00,2.110836E+01,4.702463E+01,2.388794E+01,4.842231E+01,1.140859E+03,6.209991E+02,5.921921E-02,5.487691E-02,0.000000E+00,0.000000E+00,0.000000E+00,0.000000E+00,0.000000E+00,0.000000E+00,0.000000E+00,0.000000E+00,2.110739E+01,4.664845E+01,2.388737E+01,4.888124E+01
18:10:00,1.126326E+03,8.121021E+02,5.846483E-02,7.176433E-02,0.000000E+00,0.000000E+00,0.000000E+00,0.000000E+00,0.000000E+00,0.000000E+00,0.000000E+00,0.000000E+00,2.110739E+01,4.661299E+01,2.388740E+01,4.790417E+01,1.176112E+03,7.363691E+02,6.105225E-02,6.506864E-02,0.000000E+00,0.000000E+00,0.000000E+00,0.000000E+00,0.000000E+00,0.000000E+00,0.000000E+00,0.000000E+00,2.110836E+01,4.702463E+01,2.388795E+01,4.843041E+01,1.140859E+03,6.063428E+02,5.921921E-02,5.358175E-02,0.000000E+00,0.000000E+00,0.000000E+00,0.000000E+00,0.000000E+00,0.000000E+00,0.000000E+00,0.000000E+00,2.110739E+01,4.664845E+01,2.388737E+01,4.894941E+01
18:20:00,1.126326E+03,7.940577E+02,5.846483E-02,7.016965E-02,0.000000E+00,0.000000E+00,0.000000E+00,0.000000E+00,0.000000E+00,0.000000E+00,0.000000E+00,0.000000E+00,2.110739E+01,4.661299E+01,2.388748E+01,4.798979E+01,1.176112E+03,7.282182E+02,6.105225E-02,6.434829E-02,0.000000E+00,0.000000E+00,0.000000E+00,0.000000E+00,0.000000E+00,0.000000E+00,0.000000E+00,0.000000E+00,2.110836E+01,4.702463E+01,2.388804E+01,4.847936E+01,1.140859E+03,5.912224E+02,5.921921E-02,5.224549E-02,0.000000E+00,0.000000E+00,0.000000E+00,0.000000E+00,0.000000E+00,0.000000E+00,0.000000E+00,0.000000E+00,2.110739E+01,4.664845E+01,2.388747E+01,4.906342E+01
18:30:00,1.126326E+03,7.744855E+02,5.846483E-02,6.843997E-02,0.000000E+00,0.000000E+00,0.000000E+00,0.000000E+00,0.000000E+00,0.000000E+00,0.000000E+00,0.000000E+00,2.110739E+01,4.661299E+01,2.388749E+01,4.809118E+01,1.176112E+03,7.191096E+02,6.105225E-02,6.354333E-02,0.000000E+00,0.000000E+00,0.000000E+00,0.000000E+00,0.000000E+00,0.000000E+00,0.000000E+00,0.000000E+00,2.110836E+01,4.702463E+01,2.388804E+01,4.854484E+01,1.140859E+03,5.756180E+02,5.921921E-02,5.086647E-02,0.000000E+00,0.000000E+00,0.000000E+00,0.000000E+00,0.000000E+00,0.000000E+00,0.000000E+00,0.000000E+00,2.110739E+01,4.664845E+01,2.388748E+01,4.919680E+01
18:40:00,1.126326E+03,7.529479E+02,5.846483E-02,6.653664E-02,0.000000E+00,0.000000E+00,0.000000E+00,0.000000E+00,0.000000E+00,0.000000E+00,0.000000E+00,0.000000E+00,2.110739E+01,4.661299E+01,2.388748E+01,4.819286E+01,1.176112E+03,7.087607E+02,6.105225E-02,6.262877E-02,0.000000E+00,0.000000E+00,0.000000E+00,0.000000E+00,0.000000E+00,0.000000E+00,0.000000E+00,0.000000E+00,2.110836E+01,4.702463E+01,2.388802E+01,4.860673E+01,1.140859E+03,5.592044E+02,5.921921E-02,4.941595E-02,0.000000E+00,0.000000E+00,0.000000E+00,0.000000E+00,0.000000E+00,0.000000E+00,0.000000E+00,0.000000E+00,2.110739E+01,4.664845E+01,2.388746E+01,4.932746E+01
18:50:00,1.126326E+03,7.297147E+02,5.846483E-02,6.448346E-02,0.000000E+00,0.000000E+00,0.000000E+00,0.000000E+00,0.000000E+00,0.000000E+00,0.000000E+00,0.000000E+00,2.110739E+01,4.661299E+01,2.388748E+01,4.829673E+01,1.176112E+03,6.971946E+02,6.105225E-02,6.160667E-02,0.000000E+00,0.000000E+00,0.000000E+00,0.000000E+00,0.000000E+00,0.000000E+00,0.000000E+00,0.000000E+00,2.110836E+01,4.702463E+01,2.388802E+01,4.866218E+01,1.140859E+03,5.421739E+02,5.921921E-02,4.791093E-02,0.000000E+00,0.000000E+00,0.000000E+00,0.000000E+00,0.000000E+00,0.000000E+00,0.000000E+00,0.000000E+00,2.110739E+01,4.664845E+01,2.388745E+01,4.945397E+01
19:00:00,1.126326E+03,7.048799E+02,5.846483E-02,6.228876E-02,0.000000E+00,0.000000E+00,0.000000E+00,0.000000E+00,0.000000E+00,0.000000E+00,0.000000E+00,0.000000E+00,2.110739E+01,4.661299E+01,2.388749E+01,4.840656E+01,1.176112E+03,6.843285E+02,6.105225E-02,6.046971E-02,0.000000E+00,0.000000E+00,0.000000E+00,0.000000E+00,0.000000E+00,0.000000E+00,0.000000E+00,0.000000E+00,2.110836E+01,4.702463E+01,2.388801E+01,4.871489E+01,1.140859E+03,5.245866E+02,5.921921E-02,4.635671E-02,0.000000E+00,0.000000E+00,0.000000E+00,0.000000E+00,0.000000E+00,0.000000E+00,0.000000E+00,0.000000E+00,2.110739E+01,4.664845E+01,2.388745E+01,4.957948E+01
19:10:00,1.126326E+03,6.829662E+02,5.846483E-02,6.035221E-02,0.000000E+00,0.000000E+00,0.000000E+00,0.000000E+00,0.000000E+00,0.000000E+00,0.000000E+00,0.000000E+00,2.110739E+01,4.661299E+01,2.388749E+01,4.852525E+01,1.176112E+03,6.757938E+02,6.105225E-02,5.971549E-02,0.000000E+00,0.000000E+00,0.000000E+00,0.000000E+00,0.000000E+00,0.000000E+00,0.000000E+00,0.000000E+00,2.110836E+01,4.702463E+01,2.388802E+01,4.876952E+01,1.140859E+03,5.109091E+02,5.921921E-02,4.514800E-02,0.000000E+00,0.000000E+00,0.000000E+00,0.000000E+00,0.000000E+00,0.000000E+00,0.000000E+00,0.000000E+00,2.110739E+01,4.664845E+01,2.388745E+01,4.970713E+01
19:20:00,1.126326E+03,6.598368E+02,5.846483E-02,5.830829E-02,0.000000E+00,0.000000E+00,0.000000E+00,0.000000E+00,0.000000E+00,0.000000E+00,0.000000E+00,0.000000E+00,2.110739E+01,4.661299E+01,2.388750E+01,4.865376E+01,1.176112E+03,6.659076E+02,6.105225E-02,5.884192E-02,0.000000E+00,0.000000E+00,0.000000E+00,0.000000E+00,0.000000E+00,0.000000E+00,0.000000E+00,0.000000E+00,2.110836E+01,4.702463E+01,2.388802E+01,4.882891E+01,1.140859E+03,4.970196E+02,5.921921E-02,4.392063E-02,0.000000E+00,0.000000E+00,0.000000E+00,0.000000E+00,0.000000E+00,0.000000E+00,0.000000E+00,0.000000E+00,2.110739E+01,4.664845E+01,2.388745E+01,4.983773E+01
19:30:00,1.126326E+03,6.351505E+02,5.846483E-02,5.612681E-02,0.000000E+00,0.000000E+00,0.000000E+00,0.000000E+00,0.000000E+00,0.000000E+00,0.000000E+00,0.000000E+00,2.110739E+01,4.661299E+01,2.388752E+01,4.879407E+01,1.176112E+03,6.541993E+02,6.105225E-02,5.780735E-02,0.000000E+00,0.000000E+00,0.000000E+00,0.000000E+00,0.000000E+00,0.000000E+00,0.000000E+00,0.000000E+00,2.110836E+01,4.702463E+01,2.388803E+01,4.889565E+01,1.140859E+03,4.828895E+02,5.921921E-02,4.267200E-02,0.000000E+00,0.000000E+00,0.000000E+00,0.000000E+00,0.000000E+00,0.000000E+00,0.000000E+00,0.000000E+00,2.110739E+01,4.664845E+01,2.388745E+01,4.997223E+01
19:40:00,1.126326E+03,6.098015E+02,5.846483E-02,5.388672E-02,0.000000E+00,0.000000E+00,0.000000E+00,0.000000E+00,0.000000E+00,0.000000E+00,0.000000E+00,0.000000E+00,2.110739E+01,4.661299E+01,2.388754E+01,4.895237E+01,1.176112E+03,6.410708E+02,6.105225E-02,5.664725E-02,0.000000E+00,0.000000E+00,0.000000E+00,0.000000E+00,0.000000E+00,0.000000E+00,0.000000E+00,0.000000E+00,2.110836E+01,4.702463E+01,2.388805E+01,4.897480E+01,1.140859E+03,4.689193E+02,5.921921E-02,4.143748E-02,0.000000E+00,0.000000E+00,0.000000E+00,0.000000E+00,0.000000E+00,0.000000E+00,0.000000E+00,0.000000E+00,2.110739E+01,4.664845E+01,2.388746E+01,5.011286E+01
19:50:00,1.126326E+03,5.838093E+02,5.846483E-02,5.158980E-02,0.000000E+00,0.000000E+00,0.000000E+00,0.000000E+00,0.000000E+00,0.000000E+00,0.000000E+00,0.000000E+00,2.110739E+01,4.661299E+01,2.388756E+01,4.912850E+01,1.176112E+03,6.266088E+02,6.105225E-02,5.536930E-02,0.000000E+00,0.000000E+00,0.000000E+00,0.000000E+00,0.000000E+00,0.000000E+00,0.000000E+00,0.000000E+00,2.110836E+01,4.702463E+01,2.388806E+01,4.906702E+01,1.140859E+03,4.546762E+02,5.921921E-02,4.017883E-02,0.000000E+00,0.000000E+00,0.000000E+00,0.000000E+00,0.000000E+00,0.000000E+00,0.000000E+00,0.000000E+00,2.110739E+01,4.664845E+01,2.388746E+01,5.026065E+01
20:00:00,1.126326E+03,5.587329E+02,5.846483E-02,4.937379E-02,0.000000E+00,0.000000E+00,0.000000E+00,0.000000E+00,0.000000E+00,0.000000E+00,0.000000E+00,0.000000E+00,2.110739E+01,4.661299E+01,2.388757E+01,4.932054E+01,1.176112E+03,6.118577E+02,6.105225E-02,5.406580E-02,0.000000E+00,0.000000E+00,0.000000E+00,0.000000E+00,0.000000E+00,0.000000E+00,0.000000E+00,0.000000E+00,2.110836E+01,4.702463E+01,2.388807E+01,4.917047E+01,1.140859E+03,4.408142E+02,5.921921E-02,3.895387E-02,0.000000E+00,0.000000E+00,0.000000E+00,0.000000E+00,0.000000E+00,0.000000E+00,0.000000E+00,0.000000E+00,2.110739E+01,4.664845E+01,2.388748E+01,5.041995E+01
20:10:00,1.126326E+03,5.351646E+02,5.846483E-02,4.729108E-02,0.000000E+00,0.000000E+00,0.000000E+00,0.000000E+00,0.000000E+00,0.000000E+00,0.000000E+00,0.000000E+00,2.110739E+01,4.661299E+01,2.388755E+01,4.951241E+01,1.176112E+03,5.972596E+02,6.105225E-02,5.277582E-02,0.000000E+00,0.000000E+00,0.000000E+00,0.000000E+00,0.000000E+00,0.000000E+00,0.000000E+00,0.000000E+00,2.110836E+01,4.702463E+01,2.388806E+01,4.927624E+01,1.140859E+03,4.275362E+02,5.921921E-02,3.778050E-02,0.000000E+00,0.000000E+00,0.000000E+00,0.000000E+00,0.000000E+00,0.000000E+00,0.000000E+00,0.000000E+00,2.110739E+01,4.664845E+01,2.388748E+01,5.058370E+01
20:20:00,1.126326E+03,5.135443E+02,5.846483E-02,4.538053E-02,0.000000E+00,0.000000E+00,0.000000E+00,0.000000E+00,0.000000E+00,0.000000E+00,0.000000E+00,0.000000E+00,2.110739E+01,4.661299E+01,2.388752E+01,4.969219E+01,1.176112E+03,5.832679E+02,6.105225E-02,5.153945E-02,0.000000E+00,0.000000E+00,0.000000E+00,0.000000E+00,0.000000E+00,0.000000E+00,0.000000E+00,0.000000E+00,2.110836E+01,4.702463E+01,2.388805E+01,4.937769E+01,1.140859E+03,4.149861E+02,5.921921E-02,3.667146E-02,0.000000E+00,0.000000E+00,0.000000E+00,0.000000E+00,0.000000E+00,0.000000E+00,0.000000E+00,0.000000E+00,2.110739E+01,4.664845E+01,2.388746E+01,5.074383E+01
20:30:00,1.126326E+03,4.945809E+02,5.846483E-02,4.370480E-02,0.000000E+00,0.000000E+00,0.000000E+00,0.000000E+00,0.000000E+00,0.000000E+00,0.000000E+00,0.000000E+00,2.110739E+01,4.661299E+01,2.388749E+01,4.985779E+01,1.176112E+03,5.706376E+02,6.105225E-02,5.042339E-02,0.000000E+00,0.000000E+00,0.000000E+00,0.000000E+00,0.000000E+00,0.000000E+00,0.000000E+00,0.000000E+00,2.110836E+01,4.702463E+01,2.388804E+01,4.947288E+01,1.140859E+03,4.033388E+02,5.921921E-02,3.564221E-02,0.000000E+00,0.000000E+00,0.000000E+00,0.000000E+00,0.000000E+00,0.000000E+00,0.000000E+00,0.000000E+00,2.110739E+01,4.664845E+01,2.388745E+01,5.089717E+01
20:40:00,1.126326E+03,4.781317E+02,5.846483E-02,4.225127E-02,0.000000E+00,0.000000E+00,0.000000E+00,0.000000E+00,0.000000E+00,0.000000E+00,0.000000E+00,0.000000E+00,2.110739E+01,4.661299E+01,2.388748E+01,5.001254E+01,1.176112E+03,5.594296E+02,6.105225E-02,4.943302E-02,0.000000E+00,0.000000E+00,0.000000E+00,0.000000E+00,0.000000E+00,0.000000E+00,0.000000E+00,0.000000E+00,2.110836E+01,4.702463E+01,2.388803E+01,4.956248E+01,1.140859E+03,3.926292E+02,5.921921E-02,3.469584E-02,0.000000E+00,0.000000E+00,0.000000E+00,0.000000E+00,0.000000E+00,0.000000E+00,0.000000E+00,0.000000E+00,2.110739E+01,4.664845E+01,2.388744E+01,5.104426E+01
20:50:00,1.126326E+03,4.642098E+02,5.846483E-02,4.102108E-02,0.000000E+00,0.000000E+00,0.000000E+00,0.000000E+00,0.000000E+00,0.000000E+00,0.000000E+00,0.000000E+00,2.110739E+01,4.661299E+01,2.388746E+01,5.016066E+01,1.176112E+03,5.497136E+02,6.105225E-02,4.857452E-02,0.000000E+00,0.000000E+00,0.000000E+00,0.000000E+00,0.000000E+00,0.000000E+00,0.000000E+00,0.000000E+00,2.110836E+01,4.702463E+01,2.388802E+01,4.964792E+01,1.140859E+03,3.832007E+02,5.921921E-02,3.386268E-02,0.000000E+00,0.000000E+00,0.000000E+00,0.000000E+00,0.000000E+00,0.000000E+00,0.000000E+00,0.000000E+00,2.110739E+01,4.664845E+01,2.388743E+01,5.118690E+01
21:00:00,1.126326E+03,4.514582E+02,5.846483E-02,3.989432E-02,0.000000E+00,0.000000E+00,0.000000E+00,0.000000E+00,0.000000E+00,0.000000E+00,0.000000E+00,0.000000E+00,2.110739E+01,4.661299E+01,2.388745E+01,5.030531E+01,1.176112E+03,5.406945E+02,6.105225E-02,4.777761E-02,0.000000E+00,0.000000E+00,0.000000E+00,0.000000E+00,0.000000E+00,0.000000E+00,0.000000E+00,0.000000E+00,2.110836E+01,4.702463E+01,2.388801E+01,4.973038E+01,1.140859E+03,3.744343E+02,5.921921E-02,3.308804E-02,0.000000E+00,0.000000E+00,0.000000E+00,0.000000E+00,0.000000E+00,0.000000E+00,0.000000E+00,0.000000E+00,2.110739E+01,4.664845E+01,2.388742E+01,5.132675E+01
21:10:00,1.126326E+03,4.335604E+02,5.846483E-02,3.831280E-02,0.000000E+00,0.000000E+00,0.000000E+00,0.000000E+00,0.000000E+00,0.000000E+00,0.000000E+00,0.000000E+00,2.110739E+01,4.661299E+01,2.388745E+01,5.044840E+01,1.176112E+03,5.243754E+02,6.105225E-02,4.633563E-02,0.000000E+00,0.000000E+00,0.000000E+00,0.000000E+00,0.000000E+00,0.000000E+00,0.000000E+00,0.000000E+00,2.110836E+01,4.702463E+01,2.388800E+01,4.981083E+01,1.140859E+03,3.602466E+02,5.921921E-02,3.183432E-02,0.000000E+00,0.000000E+00,0.000000E+00,0.000000E+00,0.000000E+00,0.000000E+00,0.000000E+00,0.000000E+00,2.110739E+01,4.664845E+01,2.388742E+01,5.146498E+01
21:20:00,1.126326E+03,4.161937E+02,5.846483E-02,3.677808E-02,0.000000E+00,0.000000E+00,0.000000E+00,0.000000E+00,0.000000E+00,0.000000E+00,0.000000E+00,0.000000E+00,2.110739E+01,4.661299E+01,2.388764E+01,5.067207E+01,1.176112E+03,5.084118E+02,6.105225E-02,4.492497E-02,0.000000E+00,0.000000E+00,0.000000E+00,0.000000E+00,0.000000E+00,0.000000E+00,0.000000E+00,0.000000E+00,2.110836E+01,4.702463E+01,2.388817E+01,4.996454E+01,1.140859E+03,3.463924E+02,5.921921E-02,3.060998E-02,0.000000E+00,0.000000E+00,0.000000E+00,0.000000E+00,0.000000E+00,0.000000E+00,0.000000E+00,0.000000E+00,2.110739E+01,4.664845E+01,2.388766E+01,5.169914E+01
21:30:00,1.126326E+03,3.992630E+02,5.846483E-02,3.528189E-02,0.000000E+00,0.000000E+00,0.000000E+00,0.000000E+00,0.000000E+00,0.000000E+00,0.000000E+00,0.000000E+00,2.110739E+01,4.661299E+01,2.388763E+01,5.092929E+01,1.176112E+03,4.927076E+02,6.105225E-02,4.353722E-02,0.000000E+00,0.000000E+00,0.000000E+00,0.000000E+00,0.000000E+00,0.000000E+00,0.000000E+00,0.000000E+00,2.110836E+01,4.702463E+01,2.388815E+01,5.014836E+01,1.140859E+03,3.328070E+02,5.921921E-02,2.940938E-02,0.000000E+00,0.000000E+00,0.000000E+00,0.000000E+00,0.000000E+00,0.000000E+00,0.000000E+00,0.000000E+00,2.110739E+01,4.664845E+01,2.388765E+01,5.197552E+01
21:40:00,1.126326E+03,3.827249E+02,5.846483E-02,3.382040E-02,0.000000E+00,0.000000E+00,0.000000E+00,0.000000E+00,0.000000E+00,0.000000E+00,0.000000E+00,0.000000E+00,2.110739E+01,4.661299E+01,2.388760E+01,5.117719E+01,1.176112E+03,4.772205E+02,6.105225E-02,4.216867E-02,0.000000E+00,0.000000E+00,0.000000E+00,0.000000E+00,0.000000E+00,0.000000E+00,0.000000E+00,0.000000E+00,2.110836E+01,4.702463E+01,2.388812E+01,5.032253E+01,1.140859E+03,3.194641E+02,5.921921E-02,2.823023E-02,0.000000E+00,0.000000E+00,0.000000E+00,0.000000E+00,0.000000E+00,0.000000E+00,0.000000E+00,0.000000E+00,2.110739E+01,4.664845E+01,2.388761E+01,5.224331E+01
21:50:00,1.126326E+03,3.665448E+02,5.846483E-02,3.239054E-02,0.000000E+00,0.000000E+00,0.000000E+00,0.000000E+00,0.000000E+00,0.000000E+00,0.000000E+00,0.000000E+00,2.110739E+01,4.661299E+01,2.388757E+01,5.140273E+01,1.176112E+03,4.618993E+02,6.105225E-02,4.081479E-02,0.000000E+00,0.000000E+00,0.000000E+00,0.000000E+00,0.000000E+00,0.000000E+00,0.000000E+00,0.000000E+00,2.110836E+01,4.702463E+01,2.388809E+01,5.047439E+01,1.140859E+03,3.063378E+02,5.921921E-02,2.707023E-02,0.000000E+00,0.000000E+00,0.000000E+00,0.000000E+00,0.000000E+00,0.000000E+00,0.000000E+00,0.000000E+00,2.110739E+01,4.664845E+01,2.388758E+01,5.248547E+01
22:00:00,1.126326E+03,3.506961E+02,5.846483E-02,3.098999E-02,0.000000E+00,0.000000E+00,0.000000E+00,0.000000E+00,0.000000E+00,0.000000E+00,0.000000E+00,0.000000E+00,2.110739E+01,4.661299E+01,2.388755E+01,5.160970E+01,1.176112E+03,4.467249E+02,6.105225E-02,3.947390E-02,0.000000E+00,0.000000E+00,0.000000E+00,0.000000E+00,0.000000E+00,0.000000E+00,0.000000E+00,0.000000E+00,2.110836E+01,4.702463E+01,2.388807E+01,5.060693E+01,1.140859E+03,2.934072E+02,5.921921E-02,2.592752E-02,0.000000E+00,0.000000E+00,0.000000E+00,0.000000E+00,0.000000E+00,0.000000E+00,0.000000E+00,0.000000E+00,2.110739E+01,4.664845E+01,2.388756E+01,5.270474E+01
22:10:00,1.126326E+03,3.410466E+02,5.846483E-02,3.013725E-02,0.000000E+00,0.000000E+00,0.000000E+00,0.000000E+00,0.000000E+00,0.000000E+00,0.000000E+00,0.000000E+00,2.110739E+01,4.661299E+01,2.388753E+01,5.180562E+01,1.176112E+03,4.394546E+02,6.105225E-02,3.883144E-02,0.000000E+00,0.000000E+00,0.000000E+00,0.000000E+00,0.000000E+00,0.000000E+00,0.000000E+00,0.000000E+00,2.110836E+01,4.702463E+01,2.388805E+01,5.072689E+01,1.140859E+03,2.865438E+02,5.921921E-02,2.532097E-02,0.000000E+00,0.000000E+00,0.000000E+00,0.000000E+00,0.000000E+00,0.000000E+00,0.000000E+00,0.000000E+00,2.110739E+01,4.664845E+01,2.388754E+01,5.290893E+01
22:20:00,1.126326E+03,3.317429E+02,5.846483E-02,2.931516E-02,0.000000E+00,0.000000E+00,0.000000E+00,0.000000E+00,0.000000E+00,0.000000E+00,0.000000E+00,0.000000E+00,2.110739E+01,4.661299E+01,2.388752E+01,5.199506E+01,1.176112E+03,4.323069E+02,6.105225E-02,3.819992E-02,0.000000E+00,0.000000E+00,0.000000E+00,0.000000E+00,0.000000E+00,0.000000E+00,0.000000E+00,0.000000E+00,2.110836E+01,4.702463E+01,2.388804E+01,5.083920E+01,1.140859E+03,2.798960E+02,5.921921E-02,2.473357E-02,0.000000E+00,0.000000E+00,0.000000E+00,0.000000E+00,0.000000E+00,0.000000E+00,0.000000E+00,0.000000E+00,2.110739E+01,4.664845E+01,2.388753E+01,5.310315E+01
22:30:00,1.126326E+03,3.227856E+02,5.846483E-02,2.852368E-02,0.000000E+00,0.000000E+00,0.000000E+00,0.000000E+00,0.000000E+00,0.000000E+00,0.000000E+00,0.000000E+00,2.110739E+01,4.661299E+01,2.388752E+01,5.218073E+01,1.176112E+03,4.252916E+02,6.105225E-02,3.758009E-02,0.000000E+00,0.000000E+00,0.000000E+00,0.000000E+00,0.000000E+00,0.000000E+00,0.000000E+00,0.000000E+00,2.110836E+01,4.702463E+01,2.388803E+01,5.094685E+01,1.140859E+03,2.734719E+02,5.921921E-02,2.416595E-02,0.000000E+00,0.000000E+00,0.000000E+00,0.000000E+00,0.000000E+00,0.000000E+00,0.000000E+00,0.000000E+00,2.110739E+01,4.664845E+01,2.388752E+01,5.329066E+01
22:40:00,1.126326E+03,3.141565E+02,5.846483E-02,2.776119E-02,0.000000E+00,0.000000E+00,0.000000E+00,0.000000E+00,0.000000E+00,0.000000E+00,0.000000E+00,0.000000E+00,2.110739E+01,4.661299E+01,2.388752E+01,5.236436E+01,1.176112E+03,4.183873E+02,6.105225E-02,3.697006E-02,0.000000E+00,0.000000E+00,0.000000E+00,0.000000E+00,0.000000E+00,0.000000E+00,0.000000E+00,0.000000E+00,2.110836E+01,4.702463E+01,2.388803E+01,5.105169E+01,1.140859E+03,2.672566E+02,5.921921E-02,2.361675E-02,0.000000E+00,0.000000E+00,0.000000E+00,0.000000E+00,0.000000E+00,0.000000E+00,0.000000E+00,0.000000E+00,2.110739E+01,4.664845E+01,2.388752E+01,5.347370E+01
22:50:00,1.126326E+03,3.058441E+02,5.846483E-02,2.702666E-02,0.000000E+00,0.000000E+00,0.000000E+00,0.000000E+00,0.000000E+00,0.000000E+00,0.000000E+00,0.000000E+00,2.110739E+01,4.661299E+01,2.388752E+01,5.254716E+01,1.176112E+03,4.115936E+02,6.105225E-02,3.636978E-02,0.000000E+00,0.000000E+00,0.000000E+00,0.000000E+00,0.000000E+00,0.000000E+00,0.000000E+00,0.000000E+00,2.110836E+01,4.702463E+01,2.388802E+01,5.115492E+01,1.140859E+03,2.612431E+02,5.921921E-02,2.308538E-02,0.000000E+00,0.000000E+00,0.000000E+00,0.000000E+00,0.000000E+00,0.000000E+00,0.000000E+00,0.000000E+00,2.110739E+01,4.664845E+01,2.388751E+01,5.365392E+01
23:00:00,1.126326E+03,2.978371E+02,5.846483E-02,2.631912E-02,0.000000E+00,0.000000E+00,0.000000E+00,0.000000E+00,0.000000E+00,0.000000E+00,0.000000E+00,0.000000E+00,2.110739E+01,4.661299E+01,2.388752E+01,5.273005E+01,1.176112E+03,4.048997E+02,6.105225E-02,3.577831E-02,0.000000E+00,0.000000E+00,0.000000E+00,0.000000E+00,0.000000E+00,0.000000E+00,0.000000E+00,0.000000E+00,2.110836E+01,4.702463E+01,2.388802E+01,5.125744E+01,1.140859E+03,2.554247E+02,5.921921E-02,2.257124E-02,0.000000E+00,0.000000E+00,0.000000E+00,0.000000E+00,0.000000E+00,0.000000E+00,0.000000E+00,0.000000E+00,2.110739E+01,4.664845E+01,2.388751E+01,5.383260E+01
23:10:00,1.126326E+03,2.900614E+02,5.846483E-02,2.563200E-02,0.000000E+00,0.000000E+00,0.000000E+00,0.000000E+00,0.000000E+00,0.000000E+00,0.000000E+00,0.000000E+00,2.110739E+01,4.661299E+01,2.388752E+01,5.291372E+01,1.176112E+03,3.982688E+02,6.105225E-02,3.519240E-02,0.000000E+00,0.000000E+00,0.000000E+00,0.000000E+00,0.000000E+00,0.000000E+00,0.000000E+00,0.000000E+00,2.110836E+01,4.702463E+01,2.388802E+01,5.135995E+01,1.140859E+03,2.497327E+02,5.921921E-02,2.206826E-02,0.000000E+00,0.000000E+00,0.000000E+00,0.000000E+00,0.000000E+00,0.000000E+00,0.000000E+00,0.000000E+00,2.110739E+01,4.664845E+01,2.388752E+01,5.401073E+01
23:20:00,1.126326E+03,2.825056E+02,5.846483E-02,2.496432E-02,0.000000E+00,0.000000E+00,0.000000E+00,0.000000E+00,0.000000E+00,0.000000E+00,0.000000E+00,0.000000E+00,2.110739E+01,4.661299E+01,2.388752E+01,5.309870E+01,1.176112E+03,3.916958E+02,6.105225E-02,3.461160E-02,0.000000E+00,0.000000E+00,0.000000E+00,0.000000E+00,0.000000E+00,0.000000E+00,0.000000E+00,0.000000E+00,2.110836E+01,4.702463E+01,2.388802E+01,5.146297E+01,1.140859E+03,2.441605E+02,5.921921E-02,2.157585E-02,0.000000E+00,0.000000E+00,0.000000E+00,0.000000E+00,0.000000E+00,0.000000E+00,0.000000E+00,0.000000E+00,2.110739E+01,4.664845E+01,2.388752E+01,5.418910E+01
23:30:00,1.126326E+03,2.751580E+02,5.846483E-02,2.431502E-02,0.000000E+00,0.000000E+00,0.000000E+00,0.000000E+00,0.000000E+00,0.000000E+00,0.000000E+00,0.000000E+00,2.110739E+01,4.661299E+01,2.388753E+01,5.328540E+01,1.176112E+03,3.851776E+02,6.105225E-02,3.403564E-02,0.000000E+00,0.000000E+00,0.000000E+00,0.000000E+00,0.000000E+00,0.000000E+00,0.000000E+00,0.000000E+00,2.110836E+01,4.702463E+01,2.388802E+01,5.156694E+01,1.140859E+03,2.387007E+02,5.921921E-02,2.109339E-02,0.000000E+00,0.000000E+00,0.000000E+00,0.000000E+00,0.000000E+00,0.000000E+00,0.000000E+00,0.000000E+00,2.110739E+01,4.664845E+01,2.388752E+01,5.436832E+01
23:40:00,1.126326E+03,2.680080E+02,5.846483E-02,2.368319E-02,0.000000E+00,0.000000E+00,0.000000E+00,0.000000E+00,0.000000E+00,0.000000E+00,0.000000E+00,0.000000E+00,2.110739E+01,4.661299E+01,2.388753E+01,5.347414E+01,1.176112E+03,3.787124E+02,6.105225E-02,3.346436E-02,0.000000E+00,0.000000E+00,0.000000E+00,0.000000E+00,0.000000E+00,0.000000E+00,0.000000E+00,0.000000E+00,2.110836E+01,4.702463E+01,2.388802E+01,5.167217E+01,1.140859E+03,2.333470E+02,5.921921E-02,2.062030E-02,0.000000E+00,0.000000E+00,0.000000E+00,0.000000E+00,0.000000E+00,0.000000E+00,0.000000E+00,0.000000E+00,2.110739E+01,4.664845E+01,2.388753E+01,5.454889E+01
23:50:00,1.126326E+03,2.610458E+02,5.846483E-02,2.306795E-02,0.000000E+00,0.000000E+00,0.000000E+00,0.000000E+00,0.000000E+00,0.000000E+00,0.000000E+00,0.000000E+00,2.110739E+01,4.661299E+01,2.388753E+01,5.366518E+01,1.176112E+03,3.722992E+02,6.105225E-02,3.289767E-02,0.000000E+00,0.000000E+00,0.000000E+00,0.000000E+00,0.000000E+00,0.000000E+00,0.000000E+00,0.000000E+00,2.110836E+01,4.702463E+01,2.388802E+01,5.177891E+01,1.140859E+03,2.280940E+02,5.921921E-02,2.015610E-02,0.000000E+00,0.000000E+00,0.000000E+00,0.000000E+00,0.000000E+00,0.000000E+00,0.000000E+00,0.000000E+00,2.110739E+01,4.664845E+01,2.388753E+01,5.473120E+01
24:00:00,1.126326E+03,2.542624E+02,5.846483E-02,2.246852E-02,0.000000E+00,0.000000E+00,0.000000E+00,0.000000E+00,0.000000E+00,0.000000E+00,0.000000E+00,0.000000E+00,2.110739E+01,4.661299E+01,2.388754E+01,5.385874E+01,1.176112E+03,3.659376E+02,6.105225E-02,3.233553E-02,0.000000E+00,0.000000E+00,0.000000E+00,0.000000E+00,0.000000E+00,0.000000E+00,0.000000E+00,0.000000E+00,2.110836E+01,4.702463E+01,2.388802E+01,5.188737E+01,1.140859E+03,2.229367E+02,5.921921E-02,1.970035E-02,0.000000E+00,0.000000E+00,0.000000E+00,0.000000E+00,0.000000E+00,0.000000E+00,0.000000E+00,0.000000E+00,2.110739E+01,4.664845E+01,2.388754E+01,5.491560E+01
Peak,1.126326E+03,1.001642E+03,5.846483E-02,8.851434E-02,0.000000E+00,0.000000E+00,0.000000E+00,0.000000E+00,0.000000E+00,0.000000E+00,0.000000E+00,0.000000E+00,,,,,1.176112E+03,8.019524E+02,6.105225E-02,7.086409E-02,0.000000E+00,0.000000E+00,0.000000E+00,0.000000E+00,0.000000E+00,0.000000E+00,0.000000E+00,0.000000E+00,,,,,1.140859E+03,1.120660E+03,5.921921E-02,9.903179E-02,0.000000E+00,0.000000E+00,0.000000E+00,0.000000E+00,0.000000E+00,0.000000E+00,0.000000E+00,0.000000E+00,,,,

Peak Vol Flow (m3/s),,,5.030424E-02,7.615941E-02,,,0.000000E+00,0.000000E+00,,,,,,,,,,,5.253051E-02,6.097280E-02,,,0.000000E+00,0.000000E+00,,,,,,,,,,,5.095333E-02,8.520883E-02,,,0.000000E+00,0.000000E+00,,,,,,,,
